"117.0, 92.0"
"59.0, 50.0"
"114.0, 116.0"
"97.0, 104.0"
"117.0, 148.0"
"117.0, 87.0"
"6.0, 6.0"
"97.0, 127.0"
"5.0, 4.0"
"61.0, 109.0"
"4.0, 10.0"
"119.0, 90.0"
"120.0, 199.0"
"44.0, 26.0"
"91.0, 96.0"
"33.0, 45.0"
"72.0, 84.0"
"89.0, 69.0"
"19.0, 17.0"
"74.0, 53.0"
RMSE2: [26.856098]
RHS: [28.2766263]
Time : [23.333751] seconds
"121.0, 112.0"
"119.0, 98.0"
"32.0, 69.0"
"80.0, 82.0"
"119.0, 91.0"
"104.0, 93.0"
"119.0, 91.0"
"119.0, 95.0"
"106.0, 111.0"
"105.0, 96.0"
RMSE2: [20.65429737]
RHS: [6.98587908]
Time : [23.333751] seconds
"120.0, 211.0"
"117.0, 120.0"
"40.0, 27.0"
"5.0, 6.0"
"77.0, 94.0"
"86.0, 57.0"
"119.0, 124.0"
"108.0, 108.0"
"30.0, 22.0"
"115.0, 121.0"
"28.0, 37.0"
"52.0, 51.0"
"112.0, 77.0"
"38.0, 31.0"
"90.0, 104.0"
"102.0, 146.0"
"118.0, 170.0"
"5.0, 8.0"
"119.0, 252.0"
"107.0, 82.0"
RMSE2: [41.37027919]
RHS: [1449.66766632]
Time : [23.541512] seconds
"118.0, 112.0"
"119.0, 98.0"
"47.0, 69.0"
"74.0, 82.0"
"102.0, 91.0"
"86.0, 93.0"
"109.0, 91.0"
"80.0, 95.0"
"113.0, 111.0"
"101.0, 96.0"
RMSE2: [13.31540461]
RHS: [2.40783281]
Time : [23.541512] seconds
"125.0, 85.0"
"20.0, 18.0"
"24.0, 24.0"
"11.0, 11.0"
"67.0, 96.0"
"28.0, 24.0"
"87.0, 81.0"
"119.0, 123.0"
"122.0, 162.0"
"71.0, 55.0"
"107.0, 143.0"
"119.0, 104.0"
"106.0, 90.0"
"67.0, 74.0"
"3.0, 6.0"
"66.0, 64.0"
"123.0, 178.0"
"122.0, 221.0"
"44.0, 39.0"
"46.0, 36.0"
RMSE2: [30.95076736]
RHS: [110.51664951]
Time : [21.7842] seconds
"121.0, 112.0"
"123.0, 98.0"
"36.0, 69.0"
"93.0, 82.0"
"91.0, 91.0"
"105.0, 93.0"
"112.0, 91.0"
"125.0, 95.0"
"114.0, 111.0"
"121.0, 96.0"
RMSE2: [20.08730943]
RHS: [6.64106184]
Time : [21.7842] seconds
"116.0, 180.0"
"83.0, 113.0"
"111.0, 102.0"
"23.0, 21.0"
"23.0, 24.0"
"113.0, 102.0"
"117.0, 134.0"
"43.0, 28.0"
"97.0, 61.0"
"116.0, 134.0"
"82.0, 54.0"
"118.0, 84.0"
"115.0, 143.0"
"116.0, 169.0"
"81.0, 81.0"
"117.0, 249.0"
"15.0, 16.0"
"112.0, 86.0"
"67.0, 83.0"
"110.0, 92.0"
RMSE2: [39.71838365]
RHS: [1300.63693467]
Time : [22.268714] seconds
"115.0, 112.0"
"114.0, 98.0"
"43.0, 69.0"
"95.0, 82.0"
"117.0, 91.0"
"108.0, 93.0"
"114.0, 91.0"
"116.0, 95.0"
"112.0, 111.0"
"98.0, 96.0"
RMSE2: [17.2800463]
RHS: [4.57735971]
Time : [22.268714] seconds
"29.0, 32.0"
"61.0, 56.0"
"54.0, 32.0"
"113.0, 115.0"
"121.0, 160.0"
"105.0, 95.0"
"104.0, 106.0"
"63.0, 70.0"
"121.0, 174.0"
"4.0, 3.0"
"19.0, 16.0"
"98.0, 61.0"
"32.0, 45.0"
"2.0, 3.0"
"64.0, 39.0"
"113.0, 138.0"
"4.0, 3.0"
"95.0, 127.0"
"6.0, 6.0"
"95.0, 107.0"
RMSE2: [21.18135973]
RHS: [7.99084757]
Time : [25.228648] seconds
"119.0, 112.0"
"118.0, 98.0"
"38.0, 69.0"
"104.0, 82.0"
"106.0, 91.0"
"108.0, 93.0"
"102.0, 91.0"
"91.0, 95.0"
"118.0, 111.0"
"104.0, 96.0"
RMSE2: [16.10589954]
RHS: [3.68498294]
Time : [25.228648] seconds
"2.0, 1.0"
"117.0, 133.0"
"77.0, 78.0"
"115.0, 126.0"
"33.0, 44.0"
"52.0, 50.0"
"83.0, 94.0"
"109.0, 164.0"
"118.0, 156.0"
"66.0, 94.0"
"83.0, 95.0"
"21.0, 19.0"
"108.0, 128.0"
"6.0, 8.0"
"108.0, 81.0"
"44.0, 57.0"
"101.0, 112.0"
"118.0, 170.0"
"26.0, 25.0"
"2.0, 1.0"
RMSE2: [22.53330868]
RHS: [8.80540986]
Time : [21.594656] seconds
"117.0, 112.0"
"84.0, 98.0"
"35.0, 69.0"
"65.0, 82.0"
"94.0, 91.0"
"76.0, 93.0"
"110.0, 91.0"
"119.0, 95.0"
"113.0, 111.0"
"99.0, 96.0"
RMSE2: [17.07044229]
RHS: [3.72822811]
Time : [21.594656] seconds
"119.0, 123.0"
"39.0, 51.0"
"6.0, 6.0"
"2.0, 4.0"
"3.0, 9.0"
"111.0, 195.0"
"112.0, 131.0"
"39.0, 44.0"
"57.0, 50.0"
"87.0, 93.0"
"119.0, 89.0"
"94.0, 70.0"
"106.0, 167.0"
"119.0, 183.0"
"8.0, 15.0"
"121.0, 171.0"
"30.0, 34.0"
"38.0, 42.0"
"120.0, 109.0"
"118.0, 155.0"
RMSE2: [32.47383562]
RHS: [49.30836976]
Time : [22.953253] seconds
"119.0, 112.0"
"118.0, 98.0"
"31.0, 69.0"
"94.0, 82.0"
"120.0, 91.0"
"119.0, 93.0"
"115.0, 91.0"
"83.0, 95.0"
"119.0, 111.0"
"94.0, 96.0"
RMSE2: [20.83746626]
RHS: [6.98912865]
Time : [22.953253] seconds
"90.0, 83.0"
"2.0, 0.0"
"21.0, 19.0"
"22.0, 20.0"
"18.0, 17.0"
"24.0, 25.0"
"60.0, 38.0"
"31.0, 37.0"
"11.0, 9.0"
"100.0, 98.0"
"71.0, 52.0"
"48.0, 66.0"
"63.0, 76.0"
"111.0, 86.0"
"116.0, 152.0"
"112.0, 159.0"
"101.0, 225.0"
"118.0, 124.0"
"97.0, 283.0"
"58.0, 54.0"
RMSE2: [52.72523115]
RHS: [82492.38363776]
Time : [21.698178] seconds
"114.0, 112.0"
"116.0, 98.0"
"40.0, 69.0"
"71.0, 82.0"
"105.0, 91.0"
"105.0, 93.0"
"94.0, 91.0"
"87.0, 95.0"
"116.0, 111.0"
"100.0, 96.0"
RMSE2: [13.20605922]
RHS: [2.26248281]
Time : [21.698178] seconds
"2.0, 0.0"
"81.0, 94.0"
"82.0, 86.0"
"118.0, 96.0"
"3.0, 3.0"
"120.0, 87.0"
"117.0, 180.0"
"120.0, 118.0"
"110.0, 183.0"
"3.0, 1.0"
"63.0, 151.0"
"119.0, 126.0"
"20.0, 32.0"
"37.0, 49.0"
"115.0, 104.0"
"99.0, 75.0"
"95.0, 101.0"
"119.0, 145.0"
"110.0, 229.0"
"110.0, 136.0"
RMSE2: [42.06839669]
RHS: [539.26251064]
Time : [23.270398] seconds
"118.0, 112.0"
"119.0, 98.0"
"32.0, 69.0"
"93.0, 82.0"
"92.0, 91.0"
"119.0, 93.0"
"114.0, 91.0"
"117.0, 95.0"
"119.0, 111.0"
"93.0, 96.0"
RMSE2: [19.31320792]
RHS: [5.72670872]
Time : [23.270398] seconds
"98.0, 128.0"
"118.0, 143.0"
"117.0, 117.0"
"43.0, 53.0"
"118.0, 166.0"
"82.0, 89.0"
"119.0, 117.0"
"29.0, 25.0"
"117.0, 105.0"
"104.0, 81.0"
"26.0, 22.0"
"121.0, 136.0"
"101.0, 74.0"
"35.0, 40.0"
"110.0, 98.0"
"37.0, 31.0"
"122.0, 105.0"
"22.0, 23.0"
"59.0, 108.0"
"124.0, 175.0"
RMSE2: [23.59872878]
RHS: [9.22595642]
Time : [23.290581] seconds
"119.0, 112.0"
"123.0, 98.0"
"58.0, 69.0"
"93.0, 82.0"
"116.0, 91.0"
"91.0, 93.0"
"116.0, 91.0"
"115.0, 95.0"
"113.0, 111.0"
"110.0, 96.0"
RMSE2: [16.64331698]
RHS: [4.77280364]
Time : [23.290581] seconds
"53.0, 48.0"
"58.0, 47.0"
"122.0, 118.0"
"3.0, 0.0"
"110.0, 193.0"
"66.0, 116.0"
"10.0, 9.0"
"117.0, 121.0"
"67.0, 81.0"
"119.0, 140.0"
"36.0, 40.0"
"118.0, 122.0"
"19.0, 22.0"
"103.0, 88.0"
"41.0, 24.0"
"97.0, 106.0"
"84.0, 116.0"
"21.0, 20.0"
"12.0, 14.0"
"101.0, 91.0"
"77.0, 52.0"
"119.0, 113.0"
"105.0, 86.0"
"29.0, 61.0"
"65.0, 54.0"
"119.0, 205.0"
"107.0, 101.0"
"80.0, 62.0"
"28.0, 26.0"
"23.0, 18.0"
RMSE2: [27.0376281]
RHS: [48.4230921]
Time : [19.962321] seconds
"117.0, 112.0"
"117.0, 98.0"
"34.0, 69.0"
"93.0, 82.0"
"117.0, 91.0"
"117.0, 93.0"
"83.0, 91.0"
"106.0, 95.0"
"110.0, 111.0"
"89.0, 96.0"
RMSE2: [17.94157184]
RHS: [4.82392696]
Time : [19.962321] seconds
"118.0, 75.0"
"80.0, 140.0"
"56.0, 69.0"
"19.0, 16.0"
"123.0, 157.0"
"6.0, 10.0"
"96.0, 199.0"
"24.0, 25.0"
"118.0, 128.0"
"78.0, 71.0"
"87.0, 70.0"
"68.0, 89.0"
"38.0, 45.0"
"62.0, 83.0"
"43.0, 56.0"
"48.0, 46.0"
"19.0, 22.0"
"121.0, 127.0"
"110.0, 66.0"
"23.0, 19.0"
"120.0, 179.0"
"45.0, 31.0"
"98.0, 78.0"
"119.0, 129.0"
"118.0, 98.0"
"48.0, 95.0"
"124.0, 176.0"
"92.0, 69.0"
"119.0, 54.0"
"76.0, 110.0"
RMSE2: [34.80804505]
RHS: [131.04653148]
Time : [20.55512] seconds
"122.0, 112.0"
"121.0, 98.0"
"43.0, 69.0"
"81.0, 82.0"
"113.0, 91.0"
"116.0, 93.0"
"120.0, 91.0"
"122.0, 95.0"
"121.0, 111.0"
"116.0, 96.0"
RMSE2: [20.94994033]
RHS: [7.33218904]
Time : [20.55512] seconds
"123.0, 228.0"
"84.0, 112.0"
"43.0, 51.0"
"40.0, 43.0"
"102.0, 151.0"
"82.0, 69.0"
"72.0, 85.0"
"110.0, 78.0"
"110.0, 90.0"
"112.0, 111.0"
"18.0, 23.0"
"11.0, 17.0"
"106.0, 137.0"
"95.0, 153.0"
"108.0, 94.0"
"114.0, 160.0"
"60.0, 38.0"
"85.0, 115.0"
"69.0, 74.0"
"44.0, 43.0"
"49.0, 53.0"
"122.0, 187.0"
"13.0, 14.0"
"120.0, 183.0"
"107.0, 139.0"
"116.0, 111.0"
"56.0, 38.0"
"115.0, 96.0"
"114.0, 85.0"
"47.0, 61.0"
RMSE2: [34.22279942]
RHS: [125.65907713]
Time : [19.655698] seconds
"117.0, 112.0"
"118.0, 98.0"
"35.0, 69.0"
"103.0, 82.0"
"78.0, 91.0"
"71.0, 93.0"
"115.0, 91.0"
"117.0, 95.0"
"116.0, 111.0"
"103.0, 96.0"
RMSE2: [19.51665955]
RHS: [5.27373686]
Time : [19.655698] seconds
"116.0, 77.0"
"2.0, 0.0"
"27.0, 38.0"
"118.0, 139.0"
"121.0, 155.0"
"91.0, 128.0"
"38.0, 31.0"
"103.0, 94.0"
"64.0, 59.0"
"13.0, 19.0"
"11.0, 15.0"
"71.0, 79.0"
"32.0, 33.0"
"120.0, 152.0"
"10.0, 24.0"
"115.0, 128.0"
"48.0, 42.0"
"121.0, 226.0"
"114.0, 106.0"
"6.0, 5.0"
"17.0, 24.0"
"21.0, 27.0"
"109.0, 93.0"
"120.0, 143.0"
"110.0, 218.0"
"16.0, 17.0"
"60.0, 62.0"
"98.0, 55.0"
"31.0, 37.0"
"63.0, 85.0"
RMSE2: [32.81615456]
RHS: [248.82492866]
Time : [19.274649] seconds
"120.0, 112.0"
"117.0, 98.0"
"36.0, 69.0"
"109.0, 82.0"
"104.0, 91.0"
"85.0, 93.0"
"99.0, 91.0"
"121.0, 95.0"
"83.0, 111.0"
"89.0, 96.0"
RMSE2: [20.12212712]
RHS: [5.79915992]
Time : [19.274649] seconds
"3.0, 2.0"
"64.0, 53.0"
"79.0, 71.0"
"117.0, 145.0"
"59.0, 56.0"
"55.0, 49.0"
"10.0, 19.0"
"79.0, 66.0"
"24.0, 37.0"
"121.0, 119.0"
"118.0, 112.0"
"118.0, 140.0"
"113.0, 109.0"
"4.0, 2.0"
"116.0, 119.0"
"107.0, 97.0"
"2.0, 17.0"
"7.0, 3.0"
"6.0, 7.0"
"77.0, 49.0"
"116.0, 77.0"
"83.0, 147.0"
"120.0, 219.0"
"100.0, 67.0"
"11.0, 7.0"
"10.0, 10.0"
"103.0, 289.0"
"35.0, 19.0"
"117.0, 187.0"
"120.0, 140.0"
RMSE2: [44.6422819]
RHS: [54612.95069156]
Time : [20.296443] seconds
"119.0, 112.0"
"121.0, 98.0"
"34.0, 69.0"
"90.0, 82.0"
"102.0, 91.0"
"88.0, 93.0"
"108.0, 91.0"
"112.0, 95.0"
"111.0, 111.0"
"119.0, 96.0"
RMSE2: [17.66352173]
RHS: [4.53744799]
Time : [20.296443] seconds
"26.0, 30.0"
"121.0, 124.0"
"83.0, 66.0"
"99.0, 101.0"
"60.0, 60.0"
"122.0, 158.0"
"111.0, 80.0"
"116.0, 184.0"
"116.0, 103.0"
"120.0, 123.0"
"53.0, 66.0"
"118.0, 145.0"
"4.0, 3.0"
"120.0, 103.0"
"30.0, 31.0"
"35.0, 37.0"
"121.0, 135.0"
"65.0, 64.0"
"79.0, 180.0"
"123.0, 161.0"
"120.0, 99.0"
"122.0, 135.0"
"85.0, 116.0"
"12.0, 16.0"
"67.0, 56.0"
"43.0, 39.0"
"8.0, 17.0"
"74.0, 76.0"
"60.0, 80.0"
"73.0, 61.0"
RMSE2: [27.54692965]
RHS: [88.59401605]
Time : [20.111258] seconds
"120.0, 112.0"
"122.0, 98.0"
"39.0, 69.0"
"86.0, 82.0"
"114.0, 91.0"
"110.0, 93.0"
"119.0, 91.0"
"110.0, 95.0"
"115.0, 111.0"
"65.0, 96.0"
RMSE2: [20.88061302]
RHS: [6.35129221]
Time : [20.111258] seconds
"4.0, 3.0"
"117.0, 142.0"
"43.0, 34.0"
"76.0, 101.0"
"50.0, 61.0"
"22.0, 19.0"
"76.0, 66.0"
"62.0, 178.0"
"123.0, 120.0"
"116.0, 131.0"
"106.0, 105.0"
"79.0, 78.0"
"121.0, 132.0"
"4.0, 2.0"
"119.0, 151.0"
"20.0, 19.0"
"118.0, 106.0"
"4.0, 1.0"
"95.0, 109.0"
"42.0, 73.0"
"10.0, 16.0"
"117.0, 167.0"
"121.0, 199.0"
"10.0, 11.0"
"117.0, 231.0"
"117.0, 105.0"
"120.0, 136.0"
"116.0, 50.0"
"120.0, 110.0"
"110.0, 129.0"
RMSE2: [38.53483273]
RHS: [505.7786301]
Time : [19.663859] seconds
"120.0, 112.0"
"119.0, 98.0"
"30.0, 69.0"
"94.0, 82.0"
"70.0, 91.0"
"102.0, 93.0"
"117.0, 91.0"
"122.0, 95.0"
"111.0, 111.0"
"68.0, 96.0"
RMSE2: [22.09298531]
RHS: [6.92482003]
Time : [19.663859] seconds
"125.0, 246.0"
"11.0, 11.0"
"36.0, 33.0"
"123.0, 200.0"
"14.0, 16.0"
"118.0, 127.0"
"30.0, 29.0"
"100.0, 80.0"
"104.0, 109.0"
"107.0, 71.0"
"114.0, 131.0"
"95.0, 126.0"
"41.0, 47.0"
"60.0, 69.0"
"112.0, 138.0"
"54.0, 56.0"
"118.0, 95.0"
"45.0, 56.0"
"27.0, 35.0"
"104.0, 89.0"
"75.0, 72.0"
"18.0, 20.0"
"123.0, 58.0"
"116.0, 138.0"
"117.0, 94.0"
"30.0, 35.0"
"83.0, 126.0"
"120.0, 108.0"
"120.0, 126.0"
"98.0, 57.0"
RMSE2: [33.84178876]
RHS: [408.01830678]
Time : [20.169488] seconds
"119.0, 112.0"
"118.0, 98.0"
"35.0, 69.0"
"79.0, 82.0"
"85.0, 91.0"
"102.0, 93.0"
"114.0, 91.0"
"122.0, 95.0"
"115.0, 111.0"
"87.0, 96.0"
RMSE2: [17.56701454]
RHS: [4.6725028]
Time : [20.169488] seconds
"80.0, 93.0"
"25.0, 26.0"
"53.0, 30.0"
"33.0, 43.0"
"109.0, 132.0"
"22.0, 18.0"
"114.0, 118.0"
"9.0, 7.0"
"85.0, 72.0"
"3.0, 0.0"
"59.0, 73.0"
"64.0, 41.0"
"115.0, 204.0"
"87.0, 114.0"
"70.0, 77.0"
"108.0, 114.0"
"116.0, 137.0"
"4.0, 10.0"
"14.0, 13.0"
"61.0, 63.0"
"111.0, 211.0"
"89.0, 65.0"
"35.0, 26.0"
"115.0, 168.0"
"36.0, 22.0"
"107.0, 101.0"
"25.0, 19.0"
"38.0, 30.0"
"66.0, 55.0"
"114.0, 194.0"
RMSE2: [32.55917689]
RHS: [124.05165554]
Time : [20.715335] seconds
"114.0, 112.0"
"116.0, 98.0"
"42.0, 69.0"
"112.0, 82.0"
"117.0, 91.0"
"98.0, 93.0"
"98.0, 91.0"
"108.0, 95.0"
"94.0, 111.0"
"109.0, 96.0"
RMSE2: [18.25924423]
RHS: [5.3498901]
Time : [20.715335] seconds
"76.0, 91.0"
"81.0, 84.0"
"51.0, 37.0"
"108.0, 107.0"
"117.0, 92.0"
"102.0, 57.0"
"64.0, 84.0"
"93.0, 94.0"
"120.0, 85.0"
"65.0, 107.0"
"121.0, 84.0"
"96.0, 68.0"
"121.0, 81.0"
"95.0, 91.0"
"113.0, 198.0"
"24.0, 18.0"
"3.0, 1.0"
"117.0, 96.0"
"117.0, 83.0"
"75.0, 69.0"
"6.0, 5.0"
"25.0, 20.0"
"119.0, 164.0"
"115.0, 60.0"
"52.0, 60.0"
"116.0, 142.0"
"2.0, 0.0"
"2.0, 1.0"
"65.0, 107.0"
"76.0, 71.0"
RMSE2: [29.8596718]
RHS: [43.69892209]
Time : [20.775799] seconds
"117.0, 112.0"
"119.0, 98.0"
"35.0, 69.0"
"84.0, 82.0"
"119.0, 91.0"
"92.0, 93.0"
"111.0, 91.0"
"102.0, 95.0"
"109.0, 111.0"
"94.0, 96.0"
RMSE2: [16.9351705]
RHS: [4.39688054]
Time : [20.775799] seconds
"27.0, 19.0"
"93.0, 142.0"
"86.0, 97.0"
"103.0, 133.0"
"5.0, 3.0"
"57.0, 55.0"
"92.0, 91.0"
"116.0, 215.0"
"115.0, 101.0"
"34.0, 34.0"
"57.0, 29.0"
"23.0, 19.0"
"2.0, 0.0"
"52.0, 62.0"
"117.0, 105.0"
"10.0, 14.0"
"103.0, 127.0"
"30.0, 34.0"
"37.0, 53.0"
"77.0, 78.0"
"91.0, 125.0"
"33.0, 37.0"
"2.0, 1.0"
"120.0, 107.0"
"112.0, 70.0"
"119.0, 206.0"
"19.0, 31.0"
"118.0, 87.0"
"120.0, 119.0"
"82.0, 104.0"
"87.0, 103.0"
"9.0, 10.0"
"108.0, 152.0"
"119.0, 104.0"
"120.0, 205.0"
"85.0, 92.0"
"59.0, 37.0"
"79.0, 49.0"
"80.0, 63.0"
"110.0, 121.0"
RMSE2: [31.28737765]
RHS: [94.65493734]
Time : [17.046761] seconds
"119.0, 112.0"
"115.0, 98.0"
"37.0, 69.0"
"106.0, 82.0"
"112.0, 91.0"
"72.0, 93.0"
"79.0, 91.0"
"118.0, 95.0"
"120.0, 111.0"
"83.0, 96.0"
RMSE2: [19.34683437]
RHS: [5.10987919]
Time : [17.046761] seconds
"93.0, 123.0"
"118.0, 150.0"
"92.0, 94.0"
"117.0, 213.0"
"73.0, 44.0"
"94.0, 100.0"
"112.0, 109.0"
"45.0, 36.0"
"64.0, 118.0"
"117.0, 135.0"
"57.0, 58.0"
"82.0, 98.0"
"119.0, 113.0"
"120.0, 93.0"
"86.0, 132.0"
"32.0, 28.0"
"19.0, 21.0"
"78.0, 57.0"
"113.0, 114.0"
"70.0, 88.0"
"117.0, 103.0"
"70.0, 150.0"
"21.0, 34.0"
"21.0, 24.0"
"37.0, 32.0"
"15.0, 23.0"
"21.0, 19.0"
"67.0, 72.0"
"112.0, 143.0"
"30.0, 28.0"
"119.0, 100.0"
"80.0, 78.0"
"121.0, 175.0"
"72.0, 119.0"
"35.0, 36.0"
"50.0, 48.0"
"90.0, 51.0"
"14.0, 18.0"
"5.0, 8.0"
"2.0, 0.0"
RMSE2: [29.23054909]
RHS: [60.44565917]
Time : [17.584032] seconds
"114.0, 112.0"
"110.0, 98.0"
"40.0, 69.0"
"98.0, 82.0"
"121.0, 91.0"
"118.0, 93.0"
"107.0, 91.0"
"120.0, 95.0"
"120.0, 111.0"
"80.0, 96.0"
RMSE2: [19.96997747]
RHS: [6.40885973]
Time : [17.584032] seconds
"120.0, 103.0"
"69.0, 72.0"
"118.0, 156.0"
"118.0, 203.0"
"68.0, 67.0"
"57.0, 83.0"
"107.0, 150.0"
"55.0, 58.0"
"120.0, 133.0"
"46.0, 61.0"
"105.0, 137.0"
"92.0, 67.0"
"113.0, 93.0"
"119.0, 132.0"
"105.0, 76.0"
"81.0, 75.0"
"118.0, 132.0"
"36.0, 27.0"
"59.0, 42.0"
"104.0, 171.0"
"9.0, 9.0"
"77.0, 55.0"
"120.0, 139.0"
"99.0, 62.0"
"118.0, 170.0"
"29.0, 23.0"
"3.0, 3.0"
"98.0, 98.0"
"120.0, 331.0"
"35.0, 25.0"
"118.0, 169.0"
"119.0, 143.0"
"119.0, 233.0"
"79.0, 97.0"
"52.0, 51.0"
"48.0, 40.0"
"117.0, 105.0"
"58.0, 41.0"
"116.0, 284.0"
"113.0, 98.0"
RMSE2: [53.63417754]
RHS: [290247.67330035]
Time : [16.436392] seconds
"119.0, 112.0"
"115.0, 98.0"
"34.0, 69.0"
"79.0, 82.0"
"106.0, 91.0"
"111.0, 93.0"
"87.0, 91.0"
"98.0, 95.0"
"114.0, 111.0"
"113.0, 96.0"
RMSE2: [15.6332978]
RHS: [3.35782639]
Time : [16.436392] seconds
"49.0, 55.0"
"121.0, 121.0"
"121.0, 187.0"
"101.0, 155.0"
"65.0, 60.0"
"72.0, 55.0"
"38.0, 58.0"
"55.0, 96.0"
"18.0, 19.0"
"119.0, 127.0"
"61.0, 54.0"
"111.0, 149.0"
"104.0, 83.0"
"95.0, 58.0"
"40.0, 39.0"
"119.0, 120.0"
"51.0, 50.0"
"109.0, 97.0"
"32.0, 38.0"
"100.0, 65.0"
"119.0, 205.0"
"23.0, 21.0"
"62.0, 67.0"
"6.0, 8.0"
"27.0, 24.0"
"30.0, 30.0"
"110.0, 56.0"
"23.0, 27.0"
"122.0, 322.0"
"113.0, 98.0"
"32.0, 41.0"
"121.0, 161.0"
"75.0, 110.0"
"86.0, 133.0"
"121.0, 183.0"
"105.0, 77.0"
"89.0, 91.0"
"118.0, 259.0"
"10.0, 9.0"
"57.0, 51.0"
RMSE2: [48.66698059]
RHS: [121380.32034605]
Time : [17.378066] seconds
"120.0, 112.0"
"118.0, 98.0"
"39.0, 69.0"
"101.0, 82.0"
"106.0, 91.0"
"65.0, 93.0"
"105.0, 91.0"
"119.0, 95.0"
"110.0, 111.0"
"91.0, 96.0"
RMSE2: [18.79361594]
RHS: [4.70787085]
Time : [17.378066] seconds
"117.0, 149.0"
"84.0, 70.0"
"34.0, 29.0"
"15.0, 16.0"
"22.0, 26.0"
"67.0, 80.0"
"21.0, 21.0"
"116.0, 136.0"
"119.0, 196.0"
"115.0, 154.0"
"46.0, 60.0"
"37.0, 30.0"
"113.0, 156.0"
"80.0, 63.0"
"119.0, 164.0"
"67.0, 68.0"
"92.0, 91.0"
"56.0, 32.0"
"43.0, 67.0"
"84.0, 89.0"
"42.0, 60.0"
"104.0, 95.0"
"88.0, 129.0"
"71.0, 98.0"
"27.0, 27.0"
"111.0, 109.0"
"16.0, 18.0"
"39.0, 38.0"
"97.0, 167.0"
"2.0, 0.0"
"16.0, 16.0"
"70.0, 104.0"
"11.0, 5.0"
"115.0, 156.0"
"3.0, 2.0"
"14.0, 17.0"
"20.0, 15.0"
"56.0, 45.0"
"89.0, 64.0"
"67.0, 82.0"
RMSE2: [25.72693141]
RHS: [19.91005009]
Time : [20.72238] seconds
"118.0, 112.0"
"79.0, 98.0"
"44.0, 69.0"
"68.0, 82.0"
"86.0, 91.0"
"83.0, 93.0"
"114.0, 91.0"
"111.0, 95.0"
"106.0, 111.0"
"113.0, 96.0"
RMSE2: [15.62689988]
RHS: [3.14096855]
Time : [20.72238] seconds
"39.0, 58.0"
"104.0, 112.0"
"116.0, 81.0"
"18.0, 18.0"
"104.0, 134.0"
"42.0, 32.0"
"1.0, 2.0"
"62.0, 81.0"
"101.0, 125.0"
"5.0, 4.0"
"116.0, 104.0"
"25.0, 39.0"
"26.0, 26.0"
"108.0, 86.0"
"66.0, 63.0"
"115.0, 112.0"
"111.0, 86.0"
"11.0, 8.0"
"86.0, 84.0"
"93.0, 155.0"
"65.0, 56.0"
"50.0, 29.0"
"100.0, 81.0"
"116.0, 156.0"
"99.0, 119.0"
"118.0, 140.0"
"34.0, 34.0"
"113.0, 256.0"
"40.0, 103.0"
"8.0, 7.0"
"6.0, 7.0"
"115.0, 93.0"
"113.0, 110.0"
"36.0, 34.0"
"117.0, 107.0"
"34.0, 64.0"
"112.0, 119.0"
"68.0, 98.0"
"111.0, 78.0"
"83.0, 164.0"
RMSE2: [34.20380096]
RHS: [1520.06256311]
Time : [16.523017] seconds
"111.0, 112.0"
"100.0, 98.0"
"40.0, 69.0"
"94.0, 82.0"
"78.0, 91.0"
"115.0, 93.0"
"98.0, 91.0"
"103.0, 95.0"
"116.0, 111.0"
"84.0, 96.0"
RMSE2: [13.87443693]
RHS: [2.50768347]
Time : [16.523017] seconds
"115.0, 116.0"
"76.0, 90.0"
"106.0, 172.0"
"87.0, 67.0"
"118.0, 99.0"
"120.0, 150.0"
"98.0, 82.0"
"27.0, 33.0"
"4.0, 3.0"
"121.0, 102.0"
"121.0, 133.0"
"3.0, 1.0"
"35.0, 29.0"
"119.0, 151.0"
"6.0, 4.0"
"34.0, 33.0"
"45.0, 46.0"
"50.0, 53.0"
"116.0, 70.0"
"6.0, 9.0"
"67.0, 57.0"
"19.0, 18.0"
"116.0, 106.0"
"117.0, 135.0"
"28.0, 23.0"
"26.0, 22.0"
"84.0, 57.0"
"89.0, 141.0"
"80.0, 68.0"
"90.0, 81.0"
"34.0, 22.0"
"120.0, 165.0"
"111.0, 104.0"
"118.0, 108.0"
"8.0, 10.0"
"49.0, 57.0"
"52.0, 60.0"
"55.0, 64.0"
"120.0, 220.0"
"59.0, 66.0"
RMSE2: [25.99038284]
RHS: [65.35754348]
Time : [17.749024] seconds
"118.0, 112.0"
"114.0, 98.0"
"34.0, 69.0"
"74.0, 82.0"
"86.0, 91.0"
"113.0, 93.0"
"97.0, 91.0"
"57.0, 95.0"
"118.0, 111.0"
"96.0, 96.0"
RMSE2: [18.80159568]
RHS: [4.5683633]
Time : [17.749024] seconds
"112.0, 74.0"
"63.0, 79.0"
"63.0, 65.0"
"48.0, 32.0"
"56.0, 83.0"
"64.0, 88.0"
"114.0, 151.0"
"77.0, 126.0"
"17.0, 17.0"
"50.0, 60.0"
"98.0, 111.0"
"114.0, 122.0"
"118.0, 162.0"
"29.0, 25.0"
"117.0, 133.0"
"119.0, 165.0"
"116.0, 142.0"
"41.0, 52.0"
"68.0, 77.0"
"119.0, 128.0"
"59.0, 68.0"
"113.0, 168.0"
"107.0, 105.0"
"78.0, 85.0"
"116.0, 230.0"
"47.0, 52.0"
"106.0, 172.0"
"116.0, 72.0"
"115.0, 194.0"
"22.0, 16.0"
"84.0, 111.0"
"119.0, 106.0"
"42.0, 34.0"
"67.0, 81.0"
"73.0, 69.0"
"29.0, 23.0"
"68.0, 175.0"
"26.0, 24.0"
"105.0, 148.0"
"31.0, 44.0"
RMSE2: [37.44362429]
RHS: [279.32869758]
Time : [16.444583] seconds
"114.0, 112.0"
"117.0, 98.0"
"49.0, 69.0"
"106.0, 82.0"
"116.0, 91.0"
"118.0, 93.0"
"97.0, 91.0"
"116.0, 95.0"
"116.0, 111.0"
"69.0, 96.0"
RMSE2: [19.54993606]
RHS: [5.75697686]
Time : [16.444583] seconds
"116.0, 138.0"
"119.0, 237.0"
"20.0, 16.0"
"69.0, 87.0"
"103.0, 60.0"
"48.0, 52.0"
"86.0, 95.0"
"22.0, 25.0"
"43.0, 57.0"
"15.0, 22.0"
"39.0, 55.0"
"108.0, 100.0"
"31.0, 30.0"
"11.0, 8.0"
"62.0, 46.0"
"77.0, 104.0"
"66.0, 79.0"
"97.0, 133.0"
"42.0, 60.0"
"107.0, 150.0"
"114.0, 88.0"
"114.0, 179.0"
"110.0, 79.0"
"53.0, 63.0"
"32.0, 29.0"
"118.0, 141.0"
"85.0, 67.0"
"56.0, 94.0"
"120.0, 282.0"
"17.0, 12.0"
"24.0, 40.0"
"113.0, 99.0"
"69.0, 54.0"
"97.0, 149.0"
"27.0, 23.0"
"44.0, 58.0"
"21.0, 26.0"
"116.0, 230.0"
"92.0, 128.0"
"94.0, 96.0"
RMSE2: [43.11380289]
RHS: [6845.77528618]
Time : [16.499522] seconds
"116.0, 112.0"
"109.0, 98.0"
"54.0, 69.0"
"81.0, 82.0"
"116.0, 91.0"
"83.0, 93.0"
"100.0, 91.0"
"117.0, 95.0"
"102.0, 111.0"
"76.0, 96.0"
RMSE2: [14.60821687]
RHS: [3.12272702]
Time : [16.499522] seconds
"15.0, 16.0"
"121.0, 168.0"
"122.0, 93.0"
"85.0, 97.0"
"59.0, 57.0"
"2.0, 0.0"
"66.0, 64.0"
"6.0, 8.0"
"76.0, 179.0"
"68.0, 86.0"
"122.0, 93.0"
"22.0, 15.0"
"117.0, 96.0"
"114.0, 112.0"
"121.0, 153.0"
"90.0, 77.0"
"49.0, 51.0"
"122.0, 129.0"
"92.0, 105.0"
"32.0, 27.0"
"32.0, 36.0"
"96.0, 86.0"
"62.0, 67.0"
"121.0, 160.0"
"20.0, 20.0"
"47.0, 44.0"
"120.0, 265.0"
"27.0, 31.0"
"119.0, 159.0"
"100.0, 65.0"
"111.0, 121.0"
"3.0, 4.0"
"78.0, 72.0"
"59.0, 53.0"
"109.0, 167.0"
"112.0, 114.0"
"109.0, 108.0"
"76.0, 92.0"
"111.0, 133.0"
"32.0, 28.0"
RMSE2: [34.18844834]
RHS: [1821.55987107]
Time : [17.18709] seconds
"120.0, 112.0"
"118.0, 98.0"
"37.0, 69.0"
"85.0, 82.0"
"104.0, 91.0"
"77.0, 93.0"
"120.0, 91.0"
"52.0, 95.0"
"78.0, 111.0"
"99.0, 96.0"
RMSE2: [23.89560629]
RHS: [7.92866324]
Time : [17.18709] seconds
"80.0, 43.0"
"121.0, 233.0"
"118.0, 74.0"
"57.0, 73.0"
"57.0, 52.0"
"14.0, 16.0"
"80.0, 74.0"
"78.0, 78.0"
"54.0, 53.0"
"115.0, 159.0"
"89.0, 170.0"
"118.0, 85.0"
"33.0, 46.0"
"99.0, 123.0"
"114.0, 113.0"
"121.0, 130.0"
"80.0, 132.0"
"64.0, 58.0"
"35.0, 45.0"
"6.0, 4.0"
"122.0, 162.0"
"2.0, 1.0"
"122.0, 138.0"
"45.0, 36.0"
"67.0, 81.0"
"68.0, 69.0"
"120.0, 107.0"
"115.0, 116.0"
"80.0, 42.0"
"46.0, 64.0"
"100.0, 182.0"
"121.0, 116.0"
"18.0, 20.0"
"40.0, 40.0"
"65.0, 68.0"
"117.0, 136.0"
"113.0, 87.0"
"77.0, 68.0"
"120.0, 90.0"
"79.0, 80.0"
"116.0, 136.0"
"65.0, 95.0"
"46.0, 47.0"
"51.0, 44.0"
"23.0, 24.0"
"52.0, 63.0"
"57.0, 57.0"
"95.0, 59.0"
"114.0, 69.0"
"112.0, 88.0"
RMSE2: [30.87102201]
RHS: [141.5180125]
Time : [14.12323] seconds
"119.0, 112.0"
"120.0, 98.0"
"31.0, 69.0"
"66.0, 82.0"
"68.0, 91.0"
"97.0, 93.0"
"84.0, 91.0"
"86.0, 95.0"
"121.0, 111.0"
"69.0, 96.0"
RMSE2: [19.33132173]
RHS: [4.48290677]
Time : [14.12323] seconds
"27.0, 21.0"
"121.0, 230.0"
"67.0, 48.0"
"56.0, 45.0"
"117.0, 134.0"
"15.0, 15.0"
"114.0, 110.0"
"120.0, 144.0"
"34.0, 30.0"
"87.0, 115.0"
"119.0, 144.0"
"46.0, 65.0"
"118.0, 164.0"
"82.0, 149.0"
"12.0, 11.0"
"113.0, 77.0"
"121.0, 120.0"
"78.0, 77.0"
"12.0, 6.0"
"89.0, 110.0"
"91.0, 105.0"
"25.0, 18.0"
"19.0, 13.0"
"116.0, 172.0"
"108.0, 118.0"
"117.0, 172.0"
"36.0, 35.0"
"33.0, 49.0"
"100.0, 42.0"
"102.0, 113.0"
"112.0, 89.0"
"100.0, 96.0"
"2.0, 0.0"
"103.0, 109.0"
"84.0, 132.0"
"108.0, 130.0"
"115.0, 78.0"
"9.0, 16.0"
"108.0, 90.0"
"60.0, 47.0"
"120.0, 161.0"
"59.0, 59.0"
"40.0, 53.0"
"113.0, 179.0"
"74.0, 85.0"
"89.0, 74.0"
"6.0, 3.0"
"51.0, 58.0"
"87.0, 73.0"
"58.0, 68.0"
RMSE2: [30.30544506]
RHS: [108.6622993]
Time : [15.36814] seconds
"116.0, 112.0"
"121.0, 98.0"
"43.0, 69.0"
"88.0, 82.0"
"89.0, 91.0"
"99.0, 93.0"
"108.0, 91.0"
"118.0, 95.0"
"107.0, 111.0"
"114.0, 96.0"
RMSE2: [15.66843962]
RHS: [3.6523672]
Time : [15.36814] seconds
"116.0, 139.0"
"118.0, 128.0"
"112.0, 68.0"
"58.0, 62.0"
"39.0, 47.0"
"118.0, 93.0"
"4.0, 3.0"
"115.0, 139.0"
"85.0, 84.0"
"119.0, 102.0"
"21.0, 21.0"
"43.0, 39.0"
"65.0, 72.0"
"81.0, 65.0"
"62.0, 47.0"
"118.0, 95.0"
"102.0, 114.0"
"18.0, 25.0"
"94.0, 79.0"
"70.0, 41.0"
"103.0, 151.0"
"113.0, 152.0"
"92.0, 120.0"
"101.0, 96.0"
"74.0, 56.0"
"117.0, 88.0"
"27.0, 28.0"
"23.0, 24.0"
"67.0, 55.0"
"15.0, 15.0"
"77.0, 107.0"
"109.0, 90.0"
"87.0, 97.0"
"57.0, 201.0"
"118.0, 117.0"
"35.0, 39.0"
"61.0, 84.0"
"22.0, 25.0"
"74.0, 117.0"
"94.0, 114.0"
"52.0, 39.0"
"19.0, 21.0"
"22.0, 23.0"
"17.0, 18.0"
"57.0, 92.0"
"115.0, 298.0"
"91.0, 117.0"
"121.0, 205.0"
"29.0, 27.0"
"119.0, 159.0"
RMSE2: [40.38366006]
RHS: [27287.96187406]
Time : [15.037456] seconds
"120.0, 112.0"
"121.0, 98.0"
"30.0, 69.0"
"70.0, 82.0"
"84.0, 91.0"
"110.0, 93.0"
"94.0, 91.0"
"100.0, 95.0"
"118.0, 111.0"
"114.0, 96.0"
RMSE2: [17.32916617]
RHS: [4.305158]
Time : [15.037456] seconds
"59.0, 67.0"
"122.0, 215.0"
"120.0, 82.0"
"122.0, 173.0"
"20.0, 18.0"
"112.0, 71.0"
"117.0, 89.0"
"119.0, 120.0"
"86.0, 75.0"
"123.0, 109.0"
"121.0, 152.0"
"120.0, 135.0"
"66.0, 71.0"
"109.0, 120.0"
"104.0, 76.0"
"119.0, 111.0"
"121.0, 160.0"
"43.0, 40.0"
"50.0, 44.0"
"43.0, 21.0"
"87.0, 68.0"
"33.0, 21.0"
"104.0, 182.0"
"96.0, 138.0"
"59.0, 67.0"
"120.0, 114.0"
"53.0, 65.0"
"121.0, 184.0"
"72.0, 60.0"
"15.0, 12.0"
"118.0, 144.0"
"121.0, 156.0"
"116.0, 57.0"
"122.0, 140.0"
"78.0, 147.0"
"100.0, 50.0"
"67.0, 81.0"
"82.0, 69.0"
"120.0, 192.0"
"103.0, 85.0"
"85.0, 105.0"
"101.0, 190.0"
"79.0, 55.0"
"121.0, 183.0"
"40.0, 33.0"
"25.0, 37.0"
"30.0, 27.0"
"114.0, 132.0"
"116.0, 153.0"
"117.0, 114.0"
RMSE2: [36.32602373]
RHS: [83.37050741]
Time : [15.29385] seconds
"115.0, 112.0"
"121.0, 98.0"
"57.0, 69.0"
"112.0, 82.0"
"112.0, 91.0"
"113.0, 93.0"
"108.0, 91.0"
"112.0, 95.0"
"119.0, 111.0"
"113.0, 96.0"
RMSE2: [18.31392913]
RHS: [5.81292105]
Time : [15.29385] seconds
"109.0, 94.0"
"28.0, 26.0"
"12.0, 12.0"
"120.0, 134.0"
"68.0, 57.0"
"121.0, 148.0"
"114.0, 187.0"
"121.0, 120.0"
"39.0, 48.0"
"107.0, 155.0"
"120.0, 155.0"
"47.0, 42.0"
"42.0, 36.0"
"43.0, 34.0"
"120.0, 96.0"
"113.0, 139.0"
"21.0, 15.0"
"44.0, 41.0"
"122.0, 135.0"
"110.0, 74.0"
"96.0, 130.0"
"83.0, 125.0"
"74.0, 70.0"
"113.0, 146.0"
"116.0, 99.0"
"115.0, 159.0"
"120.0, 162.0"
"66.0, 54.0"
"122.0, 99.0"
"121.0, 152.0"
"55.0, 45.0"
"121.0, 107.0"
"112.0, 93.0"
"45.0, 32.0"
"121.0, 236.0"
"45.0, 39.0"
"119.0, 168.0"
"93.0, 82.0"
"122.0, 129.0"
"2.0, 0.0"
"112.0, 111.0"
"38.0, 24.0"
"37.0, 51.0"
"120.0, 200.0"
"2.0, 0.0"
"62.0, 83.0"
"48.0, 46.0"
"4.0, 9.0"
"41.0, 37.0"
"41.0, 39.0"
RMSE2: [30.56664849]
RHS: [160.27517684]
Time : [15.325334] seconds
"119.0, 112.0"
"118.0, 98.0"
"29.0, 69.0"
"80.0, 82.0"
"84.0, 91.0"
"108.0, 93.0"
"107.0, 91.0"
"118.0, 95.0"
"118.0, 111.0"
"80.0, 96.0"
RMSE2: [18.48512916]
RHS: [4.88205644]
Time : [15.325334] seconds
"77.0, 71.0"
"91.0, 49.0"
"120.0, 168.0"
"56.0, 62.0"
"112.0, 133.0"
"48.0, 44.0"
"118.0, 156.0"
"90.0, 114.0"
"113.0, 65.0"
"94.0, 143.0"
"76.0, 97.0"
"30.0, 23.0"
"76.0, 93.0"
"119.0, 98.0"
"118.0, 114.0"
"75.0, 58.0"
"120.0, 120.0"
"87.0, 117.0"
"2.0, 0.0"
"114.0, 112.0"
"119.0, 140.0"
"38.0, 29.0"
"7.0, 5.0"
"118.0, 171.0"
"2.0, 3.0"
"120.0, 141.0"
"56.0, 56.0"
"11.0, 10.0"
"9.0, 10.0"
"63.0, 47.0"
"89.0, 97.0"
"53.0, 63.0"
"113.0, 136.0"
"91.0, 46.0"
"20.0, 15.0"
"117.0, 133.0"
"33.0, 22.0"
"6.0, 1.0"
"69.0, 64.0"
"121.0, 88.0"
"119.0, 205.0"
"50.0, 43.0"
"81.0, 110.0"
"11.0, 6.0"
"70.0, 152.0"
"118.0, 85.0"
"25.0, 21.0"
"77.0, 96.0"
"119.0, 261.0"
"29.0, 31.0"
RMSE2: [34.26893637]
RHS: [1145.99319937]
Time : [15.387269] seconds
"119.0, 112.0"
"106.0, 98.0"
"56.0, 69.0"
"106.0, 82.0"
"75.0, 91.0"
"73.0, 93.0"
"95.0, 91.0"
"111.0, 95.0"
"121.0, 111.0"
"73.0, 96.0"
RMSE2: [15.54027027]
RHS: [3.10915116]
Time : [15.387269] seconds
"36.0, 42.0"
"69.0, 53.0"
"119.0, 81.0"
"71.0, 88.0"
"120.0, 147.0"
"115.0, 216.0"
"121.0, 210.0"
"109.0, 132.0"
"93.0, 97.0"
"121.0, 146.0"
"102.0, 93.0"
"17.0, 16.0"
"110.0, 129.0"
"22.0, 28.0"
"31.0, 35.0"
"113.0, 113.0"
"121.0, 149.0"
"113.0, 77.0"
"68.0, 101.0"
"73.0, 91.0"
"120.0, 92.0"
"7.0, 5.0"
"101.0, 134.0"
"118.0, 168.0"
"103.0, 149.0"
"37.0, 34.0"
"124.0, 160.0"
"114.0, 67.0"
"6.0, 6.0"
"66.0, 70.0"
"10.0, 6.0"
"116.0, 124.0"
"12.0, 12.0"
"62.0, 57.0"
"4.0, 2.0"
"74.0, 109.0"
"43.0, 67.0"
"100.0, 65.0"
"17.0, 20.0"
"55.0, 53.0"
"31.0, 34.0"
"105.0, 159.0"
"110.0, 138.0"
"106.0, 108.0"
"96.0, 84.0"
"86.0, 112.0"
"122.0, 182.0"
"67.0, 80.0"
"117.0, 206.0"
"47.0, 37.0"
RMSE2: [33.32506564]
RHS: [96.89613819]
Time : [16.050894] seconds
"119.0, 112.0"
"119.0, 98.0"
"39.0, 69.0"
"86.0, 82.0"
"112.0, 91.0"
"102.0, 93.0"
"116.0, 91.0"
"117.0, 95.0"
"110.0, 111.0"
"70.0, 96.0"
RMSE2: [19.27174097]
RHS: [5.20252457]
Time : [16.050894] seconds
"123.0, 237.0"
"115.0, 147.0"
"17.0, 25.0"
"80.0, 74.0"
"47.0, 37.0"
"69.0, 84.0"
"117.0, 68.0"
"6.0, 3.0"
"61.0, 55.0"
"37.0, 38.0"
"120.0, 88.0"
"56.0, 43.0"
"66.0, 67.0"
"4.0, 2.0"
"57.0, 45.0"
"121.0, 100.0"
"26.0, 20.0"
"106.0, 110.0"
"120.0, 135.0"
"2.0, 0.0"
"77.0, 105.0"
"13.0, 12.0"
"71.0, 68.0"
"77.0, 70.0"
"88.0, 138.0"
"46.0, 25.0"
"100.0, 79.0"
"34.0, 54.0"
"101.0, 157.0"
"124.0, 127.0"
"34.0, 33.0"
"106.0, 67.0"
"32.0, 28.0"
"84.0, 99.0"
"112.0, 93.0"
"81.0, 127.0"
"52.0, 46.0"
"114.0, 155.0"
"115.0, 74.0"
"120.0, 131.0"
"80.0, 53.0"
"114.0, 130.0"
"112.0, 156.0"
"39.0, 32.0"
"108.0, 113.0"
"108.0, 228.0"
"100.0, 115.0"
"83.0, 158.0"
"61.0, 56.0"
"120.0, 150.0"
RMSE2: [34.25054744]
RHS: [350.52123437]
Time : [15.37639] seconds
"121.0, 112.0"
"122.0, 98.0"
"39.0, 69.0"
"91.0, 82.0"
"121.0, 91.0"
"81.0, 93.0"
"116.0, 91.0"
"122.0, 95.0"
"112.0, 111.0"
"96.0, 96.0"
RMSE2: [20.09228708]
RHS: [6.77635421]
Time : [15.37639] seconds
"121.0, 250.0"
"119.0, 137.0"
"116.0, 110.0"
"39.0, 51.0"
"2.0, 0.0"
"108.0, 115.0"
"119.0, 160.0"
"75.0, 83.0"
"66.0, 75.0"
"12.0, 15.0"
"113.0, 217.0"
"16.0, 14.0"
"17.0, 16.0"
"26.0, 37.0"
"114.0, 177.0"
"102.0, 76.0"
"120.0, 171.0"
"44.0, 43.0"
"120.0, 164.0"
"107.0, 111.0"
"115.0, 103.0"
"119.0, 122.0"
"60.0, 65.0"
"100.0, 76.0"
"85.0, 96.0"
"115.0, 140.0"
"78.0, 69.0"
"58.0, 70.0"
"112.0, 95.0"
"120.0, 122.0"
"4.0, 6.0"
"25.0, 20.0"
"112.0, 83.0"
"106.0, 87.0"
"80.0, 121.0"
"118.0, 161.0"
"2.0, 6.0"
"69.0, 64.0"
"112.0, 171.0"
"81.0, 150.0"
"63.0, 58.0"
"121.0, 104.0"
"100.0, 95.0"
"54.0, 75.0"
"117.0, 90.0"
"77.0, 74.0"
"113.0, 162.0"
"23.0, 20.0"
"114.0, 83.0"
"26.0, 28.0"
RMSE2: [34.38866092]
RHS: [482.14248086]
Time : [14.789481] seconds
"117.0, 112.0"
"117.0, 98.0"
"37.0, 69.0"
"87.0, 82.0"
"81.0, 91.0"
"85.0, 93.0"
"113.0, 91.0"
"112.0, 95.0"
"107.0, 111.0"
"75.0, 96.0"
RMSE2: [16.81963139]
RHS: [3.66037088]
Time : [14.789481] seconds
"121.0, 148.0"
"13.0, 11.0"
"122.0, 153.0"
"55.0, 44.0"
"115.0, 126.0"
"120.0, 205.0"
"118.0, 132.0"
"100.0, 101.0"
"30.0, 31.0"
"116.0, 173.0"
"89.0, 157.0"
"110.0, 132.0"
"35.0, 26.0"
"61.0, 108.0"
"84.0, 74.0"
"118.0, 156.0"
"18.0, 28.0"
"120.0, 167.0"
"43.0, 33.0"
"98.0, 89.0"
"81.0, 90.0"
"61.0, 49.0"
"6.0, 6.0"
"104.0, 119.0"
"120.0, 208.0"
"114.0, 159.0"
"113.0, 92.0"
"84.0, 116.0"
"56.0, 62.0"
"109.0, 117.0"
"118.0, 159.0"
"64.0, 81.0"
"122.0, 97.0"
"33.0, 42.0"
"119.0, 159.0"
"96.0, 86.0"
"47.0, 34.0"
"113.0, 131.0"
"90.0, 86.0"
"29.0, 50.0"
"46.0, 52.0"
"88.0, 158.0"
"121.0, 109.0"
"38.0, 29.0"
"120.0, 202.0"
"35.0, 30.0"
"86.0, 193.0"
"116.0, 215.0"
"102.0, 108.0"
"116.0, 118.0"
RMSE2: [38.56163897]
RHS: [172.54832979]
Time : [15.081054] seconds
"114.0, 112.0"
"104.0, 98.0"
"42.0, 69.0"
"93.0, 82.0"
"110.0, 91.0"
"96.0, 93.0"
"92.0, 91.0"
"61.0, 95.0"
"112.0, 111.0"
"113.0, 96.0"
RMSE2: [16.45296326]
RHS: [3.34200817]
Time : [15.081054] seconds
"122.0, 213.0"
"59.0, 46.0"
"102.0, 188.0"
"104.0, 114.0"
"41.0, 32.0"
"108.0, 115.0"
"118.0, 67.0"
"94.0, 144.0"
"119.0, 82.0"
"46.0, 58.0"
"7.0, 8.0"
"117.0, 102.0"
"71.0, 67.0"
"38.0, 62.0"
"110.0, 69.0"
"103.0, 97.0"
"6.0, 5.0"
"28.0, 23.0"
"110.0, 84.0"
"84.0, 92.0"
"10.0, 10.0"
"105.0, 146.0"
"117.0, 123.0"
"121.0, 168.0"
"6.0, 5.0"
"47.0, 48.0"
"109.0, 199.0"
"97.0, 117.0"
"104.0, 103.0"
"108.0, 180.0"
"116.0, 78.0"
"11.0, 16.0"
"111.0, 123.0"
"64.0, 84.0"
"106.0, 73.0"
"45.0, 38.0"
"117.0, 100.0"
"118.0, 95.0"
"119.0, 94.0"
"52.0, 65.0"
"113.0, 114.0"
"117.0, 138.0"
"8.0, 5.0"
"5.0, 11.0"
"79.0, 82.0"
"113.0, 86.0"
"118.0, 101.0"
"63.0, 62.0"
"10.0, 10.0"
"74.0, 69.0"
"60.0, 57.0"
"112.0, 157.0"
"73.0, 116.0"
"51.0, 44.0"
"52.0, 46.0"
"109.0, 89.0"
"120.0, 84.0"
"107.0, 290.0"
"18.0, 15.0"
"104.0, 56.0"
RMSE2: [39.02413783]
RHS: [21710.38615737]
Time : [12.550987] seconds
"120.0, 112.0"
"118.0, 98.0"
"42.0, 69.0"
"69.0, 82.0"
"77.0, 91.0"
"91.0, 93.0"
"100.0, 91.0"
"112.0, 95.0"
"102.0, 111.0"
"117.0, 96.0"
RMSE2: [15.66524816]
RHS: [3.2512743]
Time : [12.550987] seconds
"93.0, 53.0"
"120.0, 196.0"
"115.0, 174.0"
"30.0, 52.0"
"69.0, 51.0"
"115.0, 111.0"
"37.0, 45.0"
"24.0, 40.0"
"34.0, 27.0"
"60.0, 46.0"
"39.0, 58.0"
"91.0, 72.0"
"70.0, 90.0"
"110.0, 161.0"
"19.0, 30.0"
"117.0, 133.0"
"13.0, 14.0"
"120.0, 195.0"
"2.0, 5.0"
"23.0, 23.0"
"80.0, 101.0"
"101.0, 100.0"
"66.0, 44.0"
"97.0, 100.0"
"6.0, 1.0"
"95.0, 137.0"
"54.0, 62.0"
"89.0, 82.0"
"117.0, 102.0"
"117.0, 119.0"
"114.0, 235.0"
"3.0, 4.0"
"90.0, 62.0"
"23.0, 24.0"
"23.0, 19.0"
"71.0, 114.0"
"116.0, 117.0"
"118.0, 102.0"
"55.0, 89.0"
"96.0, 219.0"
"91.0, 58.0"
"16.0, 17.0"
"51.0, 53.0"
"69.0, 108.0"
"78.0, 82.0"
"14.0, 36.0"
"43.0, 65.0"
"61.0, 53.0"
"99.0, 114.0"
"4.0, 4.0"
"100.0, 98.0"
"120.0, 229.0"
"32.0, 23.0"
"118.0, 147.0"
"96.0, 190.0"
"34.0, 27.0"
"91.0, 214.0"
"7.0, 7.0"
"105.0, 91.0"
"6.0, 3.0"
RMSE2: [40.78296213]
RHS: [725.9611663]
Time : [11.691556] seconds
"119.0, 112.0"
"121.0, 98.0"
"42.0, 69.0"
"66.0, 82.0"
"99.0, 91.0"
"88.0, 93.0"
"114.0, 91.0"
"64.0, 95.0"
"86.0, 111.0"
"97.0, 96.0"
RMSE2: [19.41133689]
RHS: [4.58624838]
Time : [11.691556] seconds
"93.0, 85.0"
"51.0, 49.0"
"122.0, 102.0"
"106.0, 133.0"
"84.0, 94.0"
"76.0, 89.0"
"65.0, 63.0"
"88.0, 161.0"
"45.0, 47.0"
"119.0, 117.0"
"7.0, 10.0"
"12.0, 12.0"
"119.0, 110.0"
"113.0, 154.0"
"110.0, 78.0"
"116.0, 129.0"
"43.0, 36.0"
"82.0, 113.0"
"15.0, 11.0"
"111.0, 66.0"
"8.0, 7.0"
"68.0, 129.0"
"89.0, 61.0"
"123.0, 121.0"
"48.0, 63.0"
"117.0, 158.0"
"112.0, 120.0"
"70.0, 158.0"
"57.0, 62.0"
"45.0, 45.0"
"116.0, 222.0"
"117.0, 150.0"
"4.0, 2.0"
"59.0, 69.0"
"18.0, 14.0"
"121.0, 123.0"
"97.0, 72.0"
"118.0, 191.0"
"86.0, 100.0"
"5.0, 4.0"
"118.0, 250.0"
"117.0, 81.0"
"88.0, 99.0"
"116.0, 164.0"
"45.0, 62.0"
"94.0, 64.0"
"36.0, 26.0"
"60.0, 38.0"
"91.0, 76.0"
"76.0, 88.0"
"117.0, 161.0"
"60.0, 58.0"
"119.0, 176.0"
"89.0, 145.0"
"94.0, 54.0"
"95.0, 65.0"
"64.0, 110.0"
"120.0, 217.0"
"122.0, 162.0"
"23.0, 23.0"
RMSE2: [39.3505612]
RHS: [551.42532741]
Time : [11.678332] seconds
"119.0, 112.0"
"118.0, 98.0"
"64.0, 69.0"
"98.0, 82.0"
"121.0, 91.0"
"109.0, 93.0"
"81.0, 91.0"
"121.0, 95.0"
"121.0, 111.0"
"64.0, 96.0"
RMSE2: [19.45764631]
RHS: [6.0926418]
Time : [11.678332] seconds
"62.0, 64.0"
"110.0, 90.0"
"56.0, 47.0"
"117.0, 234.0"
"108.0, 172.0"
"30.0, 23.0"
"42.0, 39.0"
"119.0, 126.0"
"103.0, 104.0"
"118.0, 96.0"
"66.0, 97.0"
"101.0, 75.0"
"96.0, 124.0"
"26.0, 26.0"
"45.0, 63.0"
"4.0, 5.0"
"116.0, 128.0"
"103.0, 97.0"
"119.0, 96.0"
"118.0, 103.0"
"13.0, 13.0"
"103.0, 152.0"
"118.0, 76.0"
"77.0, 60.0"
"106.0, 120.0"
"105.0, 105.0"
"96.0, 118.0"
"65.0, 82.0"
"11.0, 8.0"
"103.0, 132.0"
"80.0, 85.0"
"65.0, 56.0"
"102.0, 156.0"
"38.0, 49.0"
"119.0, 97.0"
"71.0, 59.0"
"83.0, 89.0"
"111.0, 202.0"
"112.0, 80.0"
"109.0, 137.0"
"120.0, 330.0"
"32.0, 28.0"
"113.0, 165.0"
"76.0, 94.0"
"120.0, 168.0"
"52.0, 40.0"
"4.0, 0.0"
"119.0, 147.0"
"67.0, 55.0"
"43.0, 36.0"
"103.0, 125.0"
"29.0, 26.0"
"86.0, 138.0"
"83.0, 56.0"
"17.0, 22.0"
"95.0, 112.0"
"92.0, 113.0"
"119.0, 161.0"
"116.0, 152.0"
"36.0, 33.0"
RMSE2: [41.03778746]
RHS: [172897.31316253]
Time : [11.131093] seconds
"113.0, 112.0"
"87.0, 98.0"
"49.0, 69.0"
"72.0, 82.0"
"98.0, 91.0"
"89.0, 93.0"
"97.0, 91.0"
"110.0, 95.0"
"117.0, 111.0"
"115.0, 96.0"
RMSE2: [11.5974135]
RHS: [1.84372176]
Time : [11.131093] seconds
"1.0, 1.0"
"116.0, 208.0"
"109.0, 120.0"
"1.0, 0.0"
"115.0, 72.0"
"88.0, 106.0"
"100.0, 91.0"
"2.0, 2.0"
"29.0, 17.0"
"41.0, 45.0"
"82.0, 97.0"
"117.0, 164.0"
"53.0, 48.0"
"114.0, 119.0"
"1.0, 5.0"
"4.0, 4.0"
"94.0, 65.0"
"117.0, 87.0"
"117.0, 129.0"
"46.0, 49.0"
"77.0, 66.0"
"116.0, 149.0"
"41.0, 34.0"
"32.0, 42.0"
"80.0, 78.0"
"12.0, 19.0"
"67.0, 120.0"
"44.0, 50.0"
"88.0, 103.0"
"108.0, 151.0"
"117.0, 155.0"
"60.0, 72.0"
"116.0, 158.0"
"49.0, 59.0"
"115.0, 220.0"
"37.0, 34.0"
"115.0, 219.0"
"68.0, 65.0"
"23.0, 26.0"
"60.0, 38.0"
"88.0, 140.0"
"7.0, 12.0"
"15.0, 29.0"
"113.0, 135.0"
"63.0, 98.0"
"90.0, 177.0"
"115.0, 125.0"
"110.0, 60.0"
"116.0, 179.0"
"8.0, 12.0"
"115.0, 117.0"
"69.0, 129.0"
"51.0, 50.0"
"116.0, 89.0"
"117.0, 71.0"
"106.0, 89.0"
"114.0, 193.0"
"113.0, 212.0"
"118.0, 143.0"
"104.0, 122.0"
RMSE2: [38.73994493]
RHS: [192.35791251]
Time : [11.497187] seconds
"114.0, 112.0"
"117.0, 98.0"
"45.0, 69.0"
"86.0, 82.0"
"113.0, 91.0"
"101.0, 93.0"
"89.0, 91.0"
"98.0, 95.0"
"113.0, 111.0"
"59.0, 96.0"
RMSE2: [17.00294092]
RHS: [3.79440731]
Time : [11.497187] seconds
"66.0, 62.0"
"119.0, 139.0"
"33.0, 27.0"
"83.0, 99.0"
"19.0, 15.0"
"121.0, 165.0"
"76.0, 69.0"
"11.0, 10.0"
"89.0, 93.0"
"85.0, 79.0"
"121.0, 166.0"
"112.0, 119.0"
"2.0, 2.0"
"115.0, 104.0"
"49.0, 54.0"
"119.0, 135.0"
"89.0, 78.0"
"108.0, 127.0"
"2.0, 0.0"
"58.0, 51.0"
"12.0, 9.0"
"44.0, 55.0"
"54.0, 51.0"
"119.0, 98.0"
"101.0, 74.0"
"60.0, 66.0"
"116.0, 78.0"
"116.0, 94.0"
"79.0, 91.0"
"77.0, 92.0"
"15.0, 18.0"
"11.0, 10.0"
"119.0, 80.0"
"112.0, 120.0"
"29.0, 42.0"
"63.0, 66.0"
"86.0, 58.0"
"117.0, 90.0"
"68.0, 80.0"
"41.0, 22.0"
"115.0, 98.0"
"59.0, 68.0"
"34.0, 25.0"
"16.0, 17.0"
"68.0, 117.0"
"70.0, 82.0"
"100.0, 115.0"
"76.0, 61.0"
"62.0, 137.0"
"119.0, 206.0"
"108.0, 115.0"
"120.0, 129.0"
"81.0, 71.0"
"118.0, 146.0"
"114.0, 90.0"
"82.0, 77.0"
"15.0, 12.0"
"120.0, 170.0"
"112.0, 81.0"
"34.0, 43.0"
RMSE2: [24.15677959]
RHS: [25.33334052]
Time : [12.902421] seconds
"119.0, 112.0"
"115.0, 98.0"
"40.0, 69.0"
"81.0, 82.0"
"116.0, 91.0"
"82.0, 93.0"
"114.0, 91.0"
"116.0, 95.0"
"116.0, 111.0"
"118.0, 96.0"
RMSE2: [18.45264209]
RHS: [5.12019283]
Time : [12.902421] seconds
"121.0, 138.0"
"105.0, 143.0"
"7.0, 7.0"
"121.0, 120.0"
"120.0, 92.0"
"82.0, 74.0"
"80.0, 128.0"
"50.0, 38.0"
"40.0, 69.0"
"27.0, 22.0"
"71.0, 60.0"
"14.0, 21.0"
"113.0, 90.0"
"120.0, 97.0"
"102.0, 125.0"
"54.0, 50.0"
"9.0, 9.0"
"12.0, 17.0"
"12.0, 10.0"
"39.0, 38.0"
"93.0, 133.0"
"83.0, 105.0"
"17.0, 20.0"
"40.0, 25.0"
"42.0, 50.0"
"117.0, 163.0"
"119.0, 108.0"
"101.0, 100.0"
"81.0, 60.0"
"91.0, 132.0"
"87.0, 117.0"
"115.0, 162.0"
"86.0, 66.0"
"111.0, 87.0"
"117.0, 152.0"
"99.0, 224.0"
"121.0, 107.0"
"31.0, 33.0"
"99.0, 75.0"
"3.0, 2.0"
"108.0, 135.0"
"122.0, 80.0"
"91.0, 68.0"
"18.0, 20.0"
"119.0, 76.0"
"52.0, 52.0"
"63.0, 87.0"
"108.0, 81.0"
"14.0, 21.0"
"21.0, 27.0"
"24.0, 28.0"
"121.0, 123.0"
"51.0, 32.0"
"33.0, 56.0"
"93.0, 149.0"
"79.0, 111.0"
"117.0, 296.0"
"119.0, 146.0"
"117.0, 124.0"
"123.0, 116.0"
RMSE2: [36.59599249]
RHS: [16172.38594345]
Time : [12.243718] seconds
"119.0, 112.0"
"116.0, 98.0"
"47.0, 69.0"
"65.0, 82.0"
"85.0, 91.0"
"97.0, 93.0"
"93.0, 91.0"
"84.0, 95.0"
"94.0, 111.0"
"94.0, 96.0"
RMSE2: [12.71219887]
RHS: [1.86873808]
Time : [12.243718] seconds
"115.0, 143.0"
"25.0, 26.0"
"121.0, 98.0"
"112.0, 191.0"
"120.0, 154.0"
"120.0, 216.0"
"115.0, 132.0"
"3.0, 2.0"
"117.0, 134.0"
"120.0, 88.0"
"116.0, 129.0"
"18.0, 11.0"
"104.0, 67.0"
"110.0, 97.0"
"123.0, 135.0"
"2.0, 5.0"
"122.0, 111.0"
"82.0, 49.0"
"101.0, 119.0"
"20.0, 18.0"
"104.0, 155.0"
"119.0, 166.0"
"65.0, 84.0"
"47.0, 28.0"
"43.0, 37.0"
"120.0, 131.0"
"121.0, 166.0"
"16.0, 12.0"
"87.0, 91.0"
"120.0, 100.0"
"85.0, 80.0"
"63.0, 84.0"
"7.0, 9.0"
"26.0, 29.0"
"98.0, 149.0"
"73.0, 50.0"
"88.0, 279.0"
"86.0, 123.0"
"113.0, 80.0"
"51.0, 53.0"
"89.0, 153.0"
"122.0, 118.0"
"11.0, 11.0"
"45.0, 65.0"
"111.0, 139.0"
"101.0, 209.0"
"92.0, 132.0"
"117.0, 221.0"
"49.0, 39.0"
"8.0, 14.0"
"119.0, 175.0"
"120.0, 52.0"
"42.0, 39.0"
"120.0, 191.0"
"116.0, 121.0"
"96.0, 144.0"
"119.0, 150.0"
"117.0, 125.0"
"113.0, 61.0"
"41.0, 64.0"
RMSE2: [45.20029498]
RHS: [40237.61468841]
Time : [11.201398] seconds
"119.0, 112.0"
"100.0, 98.0"
"32.0, 69.0"
"55.0, 82.0"
"106.0, 91.0"
"105.0, 93.0"
"92.0, 91.0"
"121.0, 95.0"
"117.0, 111.0"
"107.0, 96.0"
RMSE2: [18.31392913]
RHS: [4.56334509]
Time : [11.201398] seconds
"119.0, 176.0"
"119.0, 107.0"
"106.0, 154.0"
"120.0, 176.0"
"109.0, 140.0"
"3.0, 7.0"
"118.0, 137.0"
"118.0, 207.0"
"30.0, 33.0"
"78.0, 131.0"
"118.0, 84.0"
"36.0, 67.0"
"20.0, 26.0"
"116.0, 160.0"
"110.0, 115.0"
"98.0, 168.0"
"77.0, 98.0"
"16.0, 15.0"
"119.0, 160.0"
"84.0, 69.0"
"102.0, 57.0"
"40.0, 40.0"
"107.0, 85.0"
"119.0, 119.0"
"116.0, 125.0"
"115.0, 183.0"
"119.0, 158.0"
"83.0, 49.0"
"82.0, 65.0"
"120.0, 180.0"
"4.0, 7.0"
"9.0, 11.0"
"119.0, 67.0"
"87.0, 154.0"
"113.0, 98.0"
"88.0, 61.0"
"76.0, 61.0"
"96.0, 105.0"
"120.0, 139.0"
"114.0, 126.0"
"116.0, 94.0"
"36.0, 46.0"
"72.0, 67.0"
"117.0, 155.0"
"118.0, 90.0"
"116.0, 130.0"
"6.0, 10.0"
"26.0, 26.0"
"118.0, 222.0"
"119.0, 115.0"
"60.0, 62.0"
"4.0, 0.0"
"67.0, 81.0"
"49.0, 73.0"
"120.0, 95.0"
"70.0, 115.0"
"119.0, 230.0"
"54.0, 43.0"
"114.0, 80.0"
"57.0, 108.0"
RMSE2: [38.41549167]
RHS: [176.6497977]
Time : [11.803975] seconds
"115.0, 112.0"
"119.0, 98.0"
"43.0, 69.0"
"79.0, 82.0"
"88.0, 91.0"
"107.0, 93.0"
"118.0, 91.0"
"107.0, 95.0"
"115.0, 111.0"
"70.0, 96.0"
RMSE2: [17.04406055]
RHS: [4.05601513]
Time : [11.803975] seconds
"94.0, 73.0"
"123.0, 242.0"
"35.0, 40.0"
"66.0, 69.0"
"15.0, 14.0"
"15.0, 14.0"
"85.0, 62.0"
"100.0, 95.0"
"53.0, 40.0"
"119.0, 130.0"
"9.0, 7.0"
"123.0, 89.0"
"100.0, 141.0"
"78.0, 66.0"
"122.0, 189.0"
"14.0, 10.0"
"65.0, 44.0"
"15.0, 9.0"
"12.0, 6.0"
"28.0, 23.0"
"56.0, 34.0"
"118.0, 118.0"
"67.0, 84.0"
"84.0, 63.0"
"122.0, 153.0"
"81.0, 74.0"
"38.0, 24.0"
"69.0, 76.0"
"25.0, 28.0"
"61.0, 72.0"
"69.0, 76.0"
"92.0, 70.0"
"104.0, 132.0"
"123.0, 114.0"
"19.0, 15.0"
"29.0, 37.0"
"58.0, 47.0"
"41.0, 48.0"
"65.0, 68.0"
"120.0, 193.0"
"76.0, 88.0"
"64.0, 88.0"
"63.0, 106.0"
"121.0, 92.0"
"111.0, 70.0"
"117.0, 160.0"
"54.0, 57.0"
"121.0, 103.0"
"98.0, 218.0"
"55.0, 41.0"
"89.0, 112.0"
"122.0, 102.0"
"106.0, 83.0"
"97.0, 287.0"
"88.0, 74.0"
"28.0, 29.0"
"105.0, 171.0"
"89.0, 58.0"
"110.0, 94.0"
"120.0, 153.0"
RMSE2: [40.69828006]
RHS: [37431.10288532]
Time : [11.47302] seconds
"121.0, 112.0"
"122.0, 98.0"
"58.0, 69.0"
"63.0, 82.0"
"85.0, 91.0"
"119.0, 93.0"
"122.0, 91.0"
"115.0, 95.0"
"116.0, 111.0"
"122.0, 96.0"
RMSE2: [19.7813043]
RHS: [6.98757518]
Time : [11.47302] seconds
"117.0, 100.0"
"9.0, 14.0"
"106.0, 119.0"
"18.0, 45.0"
"88.0, 99.0"
"73.0, 86.0"
"118.0, 87.0"
"116.0, 125.0"
"106.0, 135.0"
"9.0, 13.0"
"12.0, 17.0"
"120.0, 189.0"
"100.0, 86.0"
"113.0, 119.0"
"73.0, 51.0"
"43.0, 39.0"
"108.0, 95.0"
"81.0, 78.0"
"103.0, 75.0"
"17.0, 9.0"
"30.0, 30.0"
"49.0, 57.0"
"119.0, 147.0"
"93.0, 96.0"
"84.0, 106.0"
"118.0, 90.0"
"114.0, 101.0"
"120.0, 164.0"
"76.0, 59.0"
"113.0, 85.0"
"102.0, 155.0"
"119.0, 150.0"
"88.0, 175.0"
"33.0, 43.0"
"109.0, 120.0"
"116.0, 100.0"
"112.0, 140.0"
"117.0, 92.0"
"18.0, 16.0"
"120.0, 116.0"
"5.0, 0.0"
"120.0, 137.0"
"45.0, 48.0"
"108.0, 115.0"
"101.0, 143.0"
"54.0, 68.0"
"113.0, 188.0"
"31.0, 23.0"
"102.0, 80.0"
"44.0, 72.0"
"118.0, 174.0"
"123.0, 194.0"
"75.0, 58.0"
"120.0, 190.0"
"114.0, 110.0"
"108.0, 117.0"
"35.0, 52.0"
"88.0, 72.0"
"108.0, 107.0"
"109.0, 117.0"
"38.0, 39.0"
"120.0, 100.0"
"7.0, 5.0"
"22.0, 33.0"
"114.0, 105.0"
"119.0, 195.0"
"39.0, 46.0"
"118.0, 158.0"
"14.0, 8.0"
"114.0, 114.0"
RMSE2: [29.25821008]
RHS: [36.3007985]
Time : [9.162699] seconds
"118.0, 112.0"
"122.0, 98.0"
"35.0, 69.0"
"116.0, 82.0"
"118.0, 91.0"
"101.0, 93.0"
"112.0, 91.0"
"116.0, 95.0"
"113.0, 111.0"
"109.0, 96.0"
RMSE2: [21.84490787]
RHS: [8.48101811]
Time : [9.162699] seconds
"110.0, 140.0"
"81.0, 68.0"
"14.0, 16.0"
"111.0, 149.0"
"44.0, 51.0"
"48.0, 53.0"
"4.0, 10.0"
"56.0, 59.0"
"1.0, 0.0"
"112.0, 86.0"
"20.0, 23.0"
"50.0, 77.0"
"117.0, 220.0"
"120.0, 164.0"
"21.0, 32.0"
"11.0, 22.0"
"101.0, 96.0"
"24.0, 34.0"
"43.0, 32.0"
"65.0, 74.0"
"100.0, 125.0"
"110.0, 104.0"
"68.0, 52.0"
"109.0, 150.0"
"92.0, 127.0"
"62.0, 52.0"
"116.0, 163.0"
"108.0, 79.0"
"11.0, 13.0"
"3.0, 3.0"
"78.0, 73.0"
"68.0, 51.0"
"120.0, 222.0"
"114.0, 153.0"
"81.0, 85.0"
"118.0, 139.0"
"46.0, 40.0"
"111.0, 126.0"
"69.0, 70.0"
"6.0, 4.0"
"113.0, 128.0"
"85.0, 68.0"
"118.0, 96.0"
"121.0, 211.0"
"7.0, 9.0"
"63.0, 138.0"
"89.0, 178.0"
"36.0, 63.0"
"100.0, 82.0"
"118.0, 164.0"
"65.0, 95.0"
"1.0, 7.0"
"117.0, 94.0"
"115.0, 116.0"
"119.0, 146.0"
"120.0, 149.0"
"66.0, 121.0"
"83.0, 158.0"
"6.0, 11.0"
"53.0, 56.0"
"25.0, 22.0"
"110.0, 192.0"
"108.0, 52.0"
"115.0, 194.0"
"107.0, 177.0"
"1.0, 8.0"
"118.0, 124.0"
"57.0, 61.0"
"101.0, 88.0"
"43.0, 51.0"
RMSE2: [37.02991069]
RHS: [139.49775896]
Time : [9.32553] seconds
"114.0, 112.0"
"113.0, 98.0"
"33.0, 69.0"
"88.0, 82.0"
"93.0, 91.0"
"56.0, 93.0"
"108.0, 91.0"
"105.0, 95.0"
"68.0, 111.0"
"90.0, 96.0"
RMSE2: [22.82104292]
RHS: [6.90151383]
Time : [9.32553] seconds
"11.0, 8.0"
"122.0, 245.0"
"117.0, 85.0"
"118.0, 157.0"
"47.0, 52.0"
"3.0, 0.0"
"52.0, 39.0"
"58.0, 58.0"
"120.0, 121.0"
"122.0, 208.0"
"121.0, 136.0"
"22.0, 21.0"
"85.0, 54.0"
"108.0, 176.0"
"85.0, 94.0"
"3.0, 0.0"
"4.0, 6.0"
"112.0, 153.0"
"120.0, 155.0"
"120.0, 137.0"
"120.0, 118.0"
"12.0, 10.0"
"115.0, 81.0"
"121.0, 142.0"
"120.0, 138.0"
"38.0, 41.0"
"42.0, 44.0"
"88.0, 108.0"
"100.0, 55.0"
"45.0, 49.0"
"41.0, 42.0"
"114.0, 110.0"
"94.0, 109.0"
"98.0, 67.0"
"84.0, 102.0"
"114.0, 182.0"
"116.0, 183.0"
"47.0, 51.0"
"41.0, 50.0"
"112.0, 77.0"
"104.0, 117.0"
"80.0, 120.0"
"7.0, 12.0"
"4.0, 3.0"
"41.0, 45.0"
"119.0, 97.0"
"119.0, 234.0"
"84.0, 107.0"
"3.0, 2.0"
"120.0, 97.0"
"17.0, 17.0"
"111.0, 109.0"
"121.0, 163.0"
"106.0, 78.0"
"80.0, 107.0"
"122.0, 138.0"
"54.0, 65.0"
"43.0, 39.0"
"62.0, 63.0"
"88.0, 102.0"
"17.0, 44.0"
"66.0, 59.0"
"44.0, 45.0"
"31.0, 40.0"
"120.0, 102.0"
"120.0, 199.0"
"119.0, 90.0"
"9.0, 20.0"
"56.0, 50.0"
"92.0, 124.0"
RMSE2: [33.93796862]
RHS: [313.84022003]
Time : [9.756821] seconds
"121.0, 112.0"
"121.0, 98.0"
"43.0, 69.0"
"90.0, 82.0"
"121.0, 91.0"
"73.0, 93.0"
"82.0, 91.0"
"115.0, 95.0"
"100.0, 111.0"
"66.0, 96.0"
RMSE2: [20.376457]
RHS: [5.85605851]
Time : [9.756821] seconds
"116.0, 119.0"
"119.0, 237.0"
"112.0, 126.0"
"64.0, 59.0"
"95.0, 68.0"
"68.0, 70.0"
"78.0, 72.0"
"45.0, 44.0"
"100.0, 89.0"
"114.0, 160.0"
"1.0, 2.0"
"76.0, 75.0"
"106.0, 186.0"
"114.0, 94.0"
"106.0, 96.0"
"120.0, 164.0"
"118.0, 113.0"
"17.0, 12.0"
"118.0, 112.0"
"110.0, 106.0"
"33.0, 31.0"
"112.0, 94.0"
"116.0, 108.0"
"9.0, 7.0"
"39.0, 30.0"
"7.0, 7.0"
"110.0, 133.0"
"98.0, 73.0"
"115.0, 129.0"
"50.0, 31.0"
"118.0, 178.0"
"11.0, 14.0"
"60.0, 55.0"
"48.0, 51.0"
"105.0, 103.0"
"37.0, 35.0"
"115.0, 166.0"
"104.0, 136.0"
"116.0, 148.0"
"75.0, 32.0"
"110.0, 85.0"
"119.0, 177.0"
"7.0, 8.0"
"115.0, 109.0"
"32.0, 30.0"
"28.0, 19.0"
"1.0, 1.0"
"71.0, 55.0"
"94.0, 112.0"
"119.0, 163.0"
"119.0, 124.0"
"120.0, 171.0"
"39.0, 22.0"
"117.0, 113.0"
"117.0, 118.0"
"117.0, 123.0"
"119.0, 194.0"
"55.0, 85.0"
"118.0, 155.0"
"102.0, 131.0"
"99.0, 167.0"
"118.0, 105.0"
"26.0, 18.0"
"102.0, 241.0"
"48.0, 39.0"
"37.0, 41.0"
"117.0, 277.0"
"101.0, 74.0"
"48.0, 28.0"
"118.0, 156.0"
RMSE2: [39.49972875]
RHS: [3939.55256622]
Time : [9.727757] seconds
"118.0, 112.0"
"119.0, 98.0"
"51.0, 69.0"
"105.0, 82.0"
"114.0, 91.0"
"116.0, 93.0"
"86.0, 91.0"
"117.0, 95.0"
"118.0, 111.0"
"116.0, 96.0"
RMSE2: [18.29207479]
RHS: [5.38009973]
Time : [9.727757] seconds
"13.0, 21.0"
"29.0, 18.0"
"123.0, 96.0"
"112.0, 114.0"
"5.0, 7.0"
"41.0, 36.0"
"122.0, 102.0"
"11.0, 8.0"
"62.0, 57.0"
"115.0, 106.0"
"6.0, 5.0"
"119.0, 167.0"
"120.0, 85.0"
"90.0, 108.0"
"22.0, 30.0"
"49.0, 89.0"
"94.0, 115.0"
"113.0, 66.0"
"97.0, 88.0"
"121.0, 101.0"
"81.0, 81.0"
"73.0, 75.0"
"21.0, 20.0"
"17.0, 14.0"
"55.0, 48.0"
"105.0, 100.0"
"115.0, 85.0"
"106.0, 111.0"
"52.0, 48.0"
"4.0, 5.0"
"118.0, 81.0"
"120.0, 167.0"
"103.0, 97.0"
"111.0, 183.0"
"123.0, 138.0"
"122.0, 174.0"
"97.0, 166.0"
"123.0, 148.0"
"120.0, 211.0"
"98.0, 84.0"
"93.0, 126.0"
"27.0, 27.0"
"14.0, 13.0"
"10.0, 16.0"
"68.0, 65.0"
"17.0, 13.0"
"27.0, 45.0"
"119.0, 104.0"
"87.0, 137.0"
"77.0, 181.0"
"82.0, 96.0"
"84.0, 258.0"
"21.0, 22.0"
"112.0, 167.0"
"123.0, 113.0"
"19.0, 28.0"
"19.0, 17.0"
"87.0, 69.0"
"111.0, 78.0"
"107.0, 195.0"
"121.0, 209.0"
"71.0, 63.0"
"90.0, 78.0"
"64.0, 116.0"
"8.0, 8.0"
"77.0, 96.0"
"101.0, 125.0"
"52.0, 39.0"
"84.0, 122.0"
"17.0, 21.0"
RMSE2: [39.24447186]
RHS: [9383.68088257]
Time : [9.267395] seconds
"106.0, 112.0"
"108.0, 98.0"
"35.0, 69.0"
"85.0, 82.0"
"79.0, 91.0"
"85.0, 93.0"
"124.0, 91.0"
"80.0, 95.0"
"118.0, 111.0"
"74.0, 96.0"
RMSE2: [18.31938864]
RHS: [5.14232753]
Time : [9.267395] seconds
"62.0, 80.0"
"120.0, 186.0"
"122.0, 154.0"
"15.0, 21.0"
"113.0, 68.0"
"60.0, 43.0"
"113.0, 92.0"
"42.0, 58.0"
"117.0, 182.0"
"120.0, 160.0"
"119.0, 112.0"
"19.0, 20.0"
"9.0, 4.0"
"111.0, 150.0"
"121.0, 101.0"
"60.0, 71.0"
"6.0, 3.0"
"121.0, 87.0"
"114.0, 59.0"
"72.0, 82.0"
"2.0, 0.0"
"59.0, 81.0"
"104.0, 148.0"
"114.0, 87.0"
"5.0, 3.0"
"53.0, 34.0"
"4.0, 6.0"
"46.0, 37.0"
"79.0, 148.0"
"16.0, 23.0"
"28.0, 29.0"
"95.0, 74.0"
"92.0, 125.0"
"115.0, 94.0"
"79.0, 137.0"
"31.0, 39.0"
"120.0, 148.0"
"73.0, 89.0"
"121.0, 222.0"
"115.0, 140.0"
"27.0, 24.0"
"114.0, 103.0"
"120.0, 131.0"
"10.0, 8.0"
"8.0, 6.0"
"106.0, 103.0"
"121.0, 99.0"
"96.0, 102.0"
"21.0, 20.0"
"115.0, 145.0"
"22.0, 17.0"
"47.0, 48.0"
"88.0, 106.0"
"50.0, 65.0"
"119.0, 122.0"
"119.0, 139.0"
"121.0, 162.0"
"37.0, 32.0"
"45.0, 43.0"
"9.0, 4.0"
"95.0, 82.0"
"62.0, 39.0"
"72.0, 164.0"
"108.0, 106.0"
"61.0, 47.0"
"83.0, 55.0"
"122.0, 219.0"
"115.0, 243.0"
"122.0, 109.0"
"50.0, 109.0"
RMSE2: [35.98789479]
RHS: [364.08610899]
Time : [9.204368] seconds
"117.0, 112.0"
"119.0, 98.0"
"42.0, 69.0"
"118.0, 82.0"
"116.0, 91.0"
"120.0, 93.0"
"93.0, 91.0"
"114.0, 95.0"
"121.0, 111.0"
"69.0, 96.0"
RMSE2: [22.44771703]
RHS: [9.00606856]
Time : [9.204368] seconds
"27.0, 29.0"
"120.0, 142.0"
"119.0, 115.0"
"117.0, 104.0"
"95.0, 112.0"
"67.0, 53.0"
"116.0, 126.0"
"119.0, 88.0"
"120.0, 178.0"
"22.0, 39.0"
"115.0, 78.0"
"80.0, 165.0"
"120.0, 151.0"
"110.0, 114.0"
"67.0, 56.0"
"67.0, 55.0"
"56.0, 48.0"
"118.0, 110.0"
"101.0, 104.0"
"119.0, 129.0"
"38.0, 54.0"
"103.0, 118.0"
"116.0, 80.0"
"14.0, 10.0"
"100.0, 69.0"
"37.0, 59.0"
"77.0, 114.0"
"121.0, 115.0"
"118.0, 149.0"
"32.0, 27.0"
"23.0, 31.0"
"61.0, 65.0"
"65.0, 99.0"
"119.0, 178.0"
"116.0, 128.0"
"113.0, 102.0"
"119.0, 220.0"
"94.0, 80.0"
"5.0, 2.0"
"8.0, 4.0"
"118.0, 141.0"
"121.0, 107.0"
"10.0, 9.0"
"103.0, 81.0"
"104.0, 63.0"
"5.0, 11.0"
"108.0, 148.0"
"121.0, 279.0"
"117.0, 83.0"
"119.0, 128.0"
"36.0, 38.0"
"44.0, 66.0"
"119.0, 134.0"
"95.0, 93.0"
"8.0, 6.0"
"120.0, 103.0"
"24.0, 40.0"
"6.0, 10.0"
"120.0, 191.0"
"2.0, 0.0"
"108.0, 247.0"
"119.0, 137.0"
"98.0, 178.0"
"121.0, 145.0"
"122.0, 82.0"
"51.0, 57.0"
"68.0, 62.0"
"113.0, 101.0"
"121.0, 152.0"
"77.0, 55.0"
RMSE2: [38.5292097]
RHS: [3403.01723292]
Time : [8.967257] seconds
"121.0, 112.0"
"118.0, 98.0"
"43.0, 69.0"
"98.0, 82.0"
"115.0, 91.0"
"77.0, 93.0"
"83.0, 91.0"
"114.0, 95.0"
"114.0, 111.0"
"113.0, 96.0"
RMSE2: [17.22788437]
RHS: [4.19978552]
Time : [8.967257] seconds
"114.0, 45.0"
"45.0, 43.0"
"2.0, 1.0"
"83.0, 121.0"
"27.0, 41.0"
"79.0, 115.0"
"17.0, 20.0"
"85.0, 89.0"
"26.0, 29.0"
"122.0, 135.0"
"46.0, 69.0"
"109.0, 83.0"
"116.0, 167.0"
"39.0, 47.0"
"3.0, 9.0"
"120.0, 115.0"
"69.0, 157.0"
"16.0, 13.0"
"112.0, 116.0"
"56.0, 55.0"
"26.0, 15.0"
"3.0, 2.0"
"113.0, 98.0"
"123.0, 188.0"
"71.0, 61.0"
"42.0, 30.0"
"107.0, 110.0"
"119.0, 112.0"
"72.0, 88.0"
"38.0, 31.0"
"18.0, 11.0"
"116.0, 183.0"
"4.0, 3.0"
"121.0, 142.0"
"72.0, 154.0"
"20.0, 23.0"
"7.0, 18.0"
"35.0, 47.0"
"122.0, 125.0"
"116.0, 66.0"
"101.0, 72.0"
"7.0, 9.0"
"122.0, 120.0"
"14.0, 24.0"
"39.0, 31.0"
"80.0, 123.0"
"64.0, 113.0"
"55.0, 62.0"
"41.0, 81.0"
"100.0, 88.0"
"47.0, 66.0"
"8.0, 1.0"
"120.0, 166.0"
"113.0, 84.0"
"120.0, 147.0"
"26.0, 29.0"
"38.0, 53.0"
"67.0, 74.0"
"43.0, 51.0"
"118.0, 211.0"
"39.0, 57.0"
"36.0, 50.0"
"120.0, 153.0"
"124.0, 107.0"
"92.0, 230.0"
"71.0, 154.0"
"58.0, 71.0"
"117.0, 299.0"
"46.0, 35.0"
"99.0, 117.0"
RMSE2: [41.57420217]
RHS: [17834.86709564]
Time : [8.459012] seconds
"120.0, 112.0"
"123.0, 98.0"
"35.0, 69.0"
"111.0, 82.0"
"112.0, 91.0"
"118.0, 93.0"
"65.0, 91.0"
"78.0, 95.0"
"119.0, 111.0"
"100.0, 96.0"
RMSE2: [21.9020547]
RHS: [7.14073707]
Time : [8.459012] seconds
"39.0, 35.0"
"39.0, 49.0"
"48.0, 43.0"
"120.0, 112.0"
"9.0, 7.0"
"33.0, 23.0"
"59.0, 57.0"
"120.0, 171.0"
"37.0, 29.0"
"8.0, 16.0"
"100.0, 142.0"
"114.0, 115.0"
"60.0, 58.0"
"56.0, 101.0"
"65.0, 112.0"
"35.0, 28.0"
"113.0, 158.0"
"35.0, 44.0"
"50.0, 46.0"
"81.0, 68.0"
"62.0, 86.0"
"119.0, 100.0"
"41.0, 86.0"
"120.0, 119.0"
"8.0, 8.0"
"38.0, 43.0"
"60.0, 52.0"
"47.0, 41.0"
"65.0, 146.0"
"72.0, 81.0"
"116.0, 127.0"
"74.0, 44.0"
"108.0, 97.0"
"52.0, 38.0"
"106.0, 114.0"
"117.0, 108.0"
"92.0, 88.0"
"23.0, 23.0"
"107.0, 150.0"
"116.0, 212.0"
"118.0, 107.0"
"77.0, 86.0"
"64.0, 51.0"
"32.0, 25.0"
"21.0, 20.0"
"97.0, 112.0"
"69.0, 107.0"
"94.0, 57.0"
"111.0, 273.0"
"78.0, 119.0"
"80.0, 121.0"
"103.0, 74.0"
"11.0, 18.0"
"119.0, 97.0"
"121.0, 155.0"
"72.0, 53.0"
"44.0, 59.0"
"32.0, 40.0"
"39.0, 36.0"
"93.0, 125.0"
"91.0, 235.0"
"77.0, 37.0"
"55.0, 90.0"
"118.0, 94.0"
"52.0, 38.0"
"6.0, 11.0"
"88.0, 92.0"
"6.0, 10.0"
"100.0, 62.0"
"98.0, 144.0"
RMSE2: [37.58932219]
RHS: [4651.46304649]
Time : [9.908667] seconds
"118.0, 112.0"
"110.0, 98.0"
"39.0, 69.0"
"71.0, 82.0"
"71.0, 91.0"
"109.0, 93.0"
"114.0, 91.0"
"119.0, 95.0"
"118.0, 111.0"
"78.0, 96.0"
RMSE2: [18.26198237]
RHS: [4.41389572]
Time : [9.908667] seconds
"118.0, 133.0"
"92.0, 149.0"
"71.0, 128.0"
"59.0, 46.0"
"97.0, 118.0"
"110.0, 96.0"
"117.0, 183.0"
"118.0, 108.0"
"50.0, 40.0"
"117.0, 127.0"
"34.0, 38.0"
"121.0, 79.0"
"37.0, 35.0"
"109.0, 118.0"
"115.0, 144.0"
"55.0, 44.0"
"103.0, 102.0"
"118.0, 92.0"
"22.0, 22.0"
"112.0, 106.0"
"107.0, 54.0"
"118.0, 83.0"
"120.0, 128.0"
"123.0, 99.0"
"90.0, 79.0"
"119.0, 106.0"
"115.0, 151.0"
"9.0, 7.0"
"6.0, 7.0"
"83.0, 77.0"
"117.0, 105.0"
"117.0, 133.0"
"70.0, 38.0"
"115.0, 184.0"
"118.0, 138.0"
"6.0, 4.0"
"51.0, 61.0"
"11.0, 14.0"
"119.0, 148.0"
"104.0, 30.0"
"5.0, 5.0"
"93.0, 51.0"
"123.0, 148.0"
"49.0, 70.0"
"115.0, 131.0"
"36.0, 52.0"
"75.0, 70.0"
"77.0, 163.0"
"20.0, 29.0"
"19.0, 9.0"
"54.0, 40.0"
"64.0, 53.0"
"108.0, 58.0"
"65.0, 44.0"
"99.0, 139.0"
"120.0, 134.0"
"112.0, 127.0"
"54.0, 66.0"
"76.0, 51.0"
"4.0, 0.0"
"100.0, 86.0"
"70.0, 61.0"
"115.0, 200.0"
"101.0, 118.0"
"114.0, 139.0"
"94.0, 122.0"
"119.0, 214.0"
"116.0, 72.0"
"89.0, 53.0"
"101.0, 131.0"
RMSE2: [32.60280444]
RHS: [84.56594943]
Time : [9.662459] seconds
"113.0, 112.0"
"120.0, 98.0"
"58.0, 69.0"
"109.0, 82.0"
"94.0, 91.0"
"106.0, 93.0"
"118.0, 91.0"
"115.0, 95.0"
"117.0, 111.0"
"123.0, 96.0"
RMSE2: [18.45806057]
RHS: [6.13303755]
Time : [9.662459] seconds
