"73.0, 107.0"
"84.0, 101.0"
"104.0, 224.0"
"107.0, 121.0"
"23.0, 35.0"
"39.0, 36.0"
"111.0, 86.0"
"22.0, 25.0"
"26.0, 33.0"
"105.0, 131.0"
"120.0, 168.0"
"111.0, 96.0"
"59.0, 56.0"
"114.0, 171.0"
"119.0, 88.0"
"69.0, 38.0"
"17.0, 18.0"
"103.0, 134.0"
"120.0, 138.0"
"44.0, 44.0"
RMSE2: [36.43350107]
RHS: [521.03034941]
Time : [25.501395] seconds
"122.0, 112.0"
"123.0, 98.0"
"48.0, 69.0"
"92.0, 82.0"
"117.0, 91.0"
"119.0, 93.0"
"112.0, 91.0"
"107.0, 95.0"
"122.0, 111.0"
"69.0, 96.0"
RMSE2: [20.13206398]
RHS: [6.20466863]
Time : [25.501395] seconds
"79.0, 51.0"
"121.0, 133.0"
"33.0, 38.0"
"111.0, 119.0"
"90.0, 45.0"
"122.0, 193.0"
"55.0, 47.0"
"21.0, 19.0"
"64.0, 62.0"
"96.0, 57.0"
"58.0, 48.0"
"123.0, 78.0"
"118.0, 121.0"
"124.0, 145.0"
"100.0, 61.0"
"118.0, 131.0"
"104.0, 122.0"
"58.0, 38.0"
"17.0, 19.0"
"49.0, 44.0"
RMSE2: [27.10535003]
RHS: [27.35856592]
Time : [25.656621] seconds
"122.0, 112.0"
"123.0, 98.0"
"49.0, 69.0"
"91.0, 82.0"
"91.0, 91.0"
"123.0, 93.0"
"115.0, 91.0"
"91.0, 95.0"
"123.0, 111.0"
"120.0, 96.0"
RMSE2: [18.48783384]
RHS: [5.98300874]
Time : [25.656621] seconds
"-1.0, 0.0"
"3.0, 8.0"
"27.0, 33.0"
"108.0, 81.0"
"34.0, 35.0"
"114.0, 113.0"
"42.0, 35.0"
"87.0, 57.0"
"107.0, 158.0"
"18.0, 13.0"
"49.0, 45.0"
"121.0, 243.0"
"23.0, 38.0"
"122.0, 112.0"
"57.0, 117.0"
"16.0, 15.0"
"123.0, 184.0"
"102.0, 195.0"
"122.0, 197.0"
"45.0, 31.0"
RMSE2: [45.48900966]
RHS: [690.06561566]
Time : [24.592068] seconds
"123.0, 112.0"
"122.0, 98.0"
"39.0, 69.0"
"84.0, 82.0"
"90.0, 91.0"
"105.0, 93.0"
"89.0, 91.0"
"116.0, 95.0"
"121.0, 111.0"
"83.0, 96.0"
RMSE2: [15.68438714]
RHS: [3.44690689]
Time : [24.592068] seconds
"123.0, 148.0"
"42.0, 50.0"
"117.0, 161.0"
"10.0, 6.0"
"32.0, 24.0"
"37.0, 36.0"
"17.0, 15.0"
"107.0, 92.0"
"77.0, 141.0"
"77.0, 56.0"
"89.0, 66.0"
"56.0, 40.0"
"122.0, 156.0"
"123.0, 119.0"
"122.0, 96.0"
"123.0, 119.0"
"40.0, 36.0"
"122.0, 170.0"
"121.0, 94.0"
"120.0, 177.0"
RMSE2: [28.65222504]
RHS: [17.80394807]
Time : [25.042377] seconds
"122.0, 112.0"
"123.0, 98.0"
"43.0, 69.0"
"110.0, 82.0"
"110.0, 91.0"
"121.0, 93.0"
"104.0, 91.0"
"121.0, 95.0"
"121.0, 111.0"
"118.0, 96.0"
RMSE2: [21.81513236]
RHS: [8.07413499]
Time : [25.042377] seconds
"12.0, 14.0"
"123.0, 172.0"
"52.0, 60.0"
"116.0, 73.0"
"32.0, 31.0"
"75.0, 55.0"
"20.0, 18.0"
"123.0, 160.0"
"38.0, 49.0"
"119.0, 241.0"
"34.0, 40.0"
"122.0, 116.0"
"118.0, 233.0"
"120.0, 88.0"
"29.0, 53.0"
"59.0, 51.0"
"50.0, 41.0"
"123.0, 159.0"
"79.0, 83.0"
"78.0, 63.0"
RMSE2: [43.40276489]
RHS: [952.07628846]
Time : [25.057373] seconds
"123.0, 112.0"
"84.0, 98.0"
"49.0, 69.0"
"75.0, 82.0"
"83.0, 91.0"
"120.0, 93.0"
"107.0, 91.0"
"63.0, 95.0"
"116.0, 111.0"
"81.0, 96.0"
RMSE2: [17.5755512]
RHS: [4.05356369]
Time : [25.057373] seconds
"123.0, 121.0"
"55.0, 69.0"
"63.0, 63.0"
"2.0, 2.0"
"42.0, 43.0"
"75.0, 52.0"
"119.0, 157.0"
"21.0, 22.0"
"99.0, 108.0"
"117.0, 82.0"
"115.0, 82.0"
"113.0, 133.0"
"59.0, 62.0"
"115.0, 120.0"
"41.0, 41.0"
"56.0, 53.0"
"5.0, 3.0"
"42.0, 49.0"
"62.0, 90.0"
"75.0, 65.0"
RMSE2: [17.24818831]
RHS: [5.15614322]
Time : [26.539725] seconds
"123.0, 112.0"
"122.0, 98.0"
"52.0, 69.0"
"108.0, 82.0"
"111.0, 91.0"
"120.0, 93.0"
"114.0, 91.0"
"113.0, 95.0"
"121.0, 111.0"
"106.0, 96.0"
RMSE2: [19.60612149]
RHS: [6.49178927]
Time : [26.539725] seconds
"20.0, 28.0"
"88.0, 108.0"
"56.0, 62.0"
"6.0, 3.0"
"122.0, 140.0"
"98.0, 95.0"
"117.0, 109.0"
"39.0, 36.0"
"116.0, 107.0"
"44.0, 61.0"
"53.0, 59.0"
"106.0, 133.0"
"60.0, 80.0"
"100.0, 81.0"
"79.0, 54.0"
"101.0, 117.0"
"51.0, 62.0"
"123.0, 165.0"
"20.0, 13.0"
"103.0, 98.0"
RMSE2: [16.80922366]
RHS: [3.6164126]
Time : [24.155247] seconds
"121.0, 112.0"
"120.0, 98.0"
"39.0, 69.0"
"80.0, 82.0"
"79.0, 91.0"
"101.0, 93.0"
"115.0, 91.0"
"63.0, 95.0"
"119.0, 111.0"
"93.0, 96.0"
RMSE2: [18.30300522]
RHS: [4.36758136]
Time : [24.155247] seconds
"69.0, 52.0"
"124.0, 184.0"
"5.0, 7.0"
"122.0, 125.0"
"17.0, 16.0"
"26.0, 30.0"
"78.0, 118.0"
"121.0, 84.0"
"99.0, 148.0"
"92.0, 142.0"
"2.0, 6.0"
"121.0, 137.0"
"92.0, 91.0"
"80.0, 246.0"
"85.0, 102.0"
"83.0, 81.0"
"97.0, 184.0"
"22.0, 17.0"
"57.0, 51.0"
"23.0, 19.0"
RMSE2: [48.76320334]
RHS: [17615.38288854]
Time : [24.84845] seconds
"117.0, 112.0"
"119.0, 98.0"
"50.0, 69.0"
"109.0, 82.0"
"111.0, 91.0"
"118.0, 93.0"
"105.0, 91.0"
"79.0, 95.0"
"121.0, 111.0"
"100.0, 96.0"
RMSE2: [17.74542194]
RHS: [5.02679309]
Time : [24.84845] seconds
"122.0, 152.0"
"23.0, 25.0"
"123.0, 124.0"
"118.0, 109.0"
"98.0, 123.0"
"2.0, 3.0"
"97.0, 74.0"
"91.0, 107.0"
"79.0, 106.0"
"102.0, 116.0"
"24.0, 37.0"
"120.0, 119.0"
"102.0, 62.0"
"54.0, 66.0"
"44.0, 46.0"
"122.0, 159.0"
"87.0, 151.0"
"94.0, 97.0"
"122.0, 193.0"
"114.0, 206.0"
RMSE2: [34.79870687]
RHS: [83.23907707]
Time : [24.938554] seconds
"122.0, 112.0"
"122.0, 98.0"
"41.0, 69.0"
"91.0, 82.0"
"90.0, 91.0"
"92.0, 93.0"
"112.0, 91.0"
"77.0, 95.0"
"115.0, 111.0"
"102.0, 96.0"
RMSE2: [15.3622915]
RHS: [3.24523231]
Time : [24.938554] seconds
"123.0, 115.0"
"87.0, 101.0"
"24.0, 23.0"
"102.0, 130.0"
"55.0, 54.0"
"110.0, 150.0"
"26.0, 21.0"
"101.0, 143.0"
"82.0, 98.0"
"121.0, 136.0"
"13.0, 10.0"
"38.0, 37.0"
"69.0, 67.0"
"117.0, 132.0"
"115.0, 113.0"
"123.0, 189.0"
"81.0, 163.0"
"123.0, 180.0"
"121.0, 176.0"
"49.0, 56.0"
RMSE2: [33.58719994]
RHS: [45.9519661]
Time : [24.191559] seconds
"123.0, 112.0"
"121.0, 98.0"
"39.0, 69.0"
"81.0, 82.0"
"97.0, 91.0"
"109.0, 93.0"
"90.0, 91.0"
"86.0, 95.0"
"120.0, 111.0"
"99.0, 96.0"
RMSE2: [14.19506957]
RHS: [2.77724041]
Time : [24.191559] seconds
"120.0, 111.0"
"118.0, 127.0"
"120.0, 189.0"
"122.0, 127.0"
"100.0, 92.0"
"8.0, 11.0"
"38.0, 41.0"
"112.0, 104.0"
"40.0, 48.0"
"41.0, 46.0"
"83.0, 75.0"
"9.0, 9.0"
"42.0, 53.0"
"119.0, 122.0"
"106.0, 89.0"
"123.0, 128.0"
"121.0, 132.0"
"110.0, 127.0"
"67.0, 157.0"
"23.0, 31.0"
"45.0, 61.0"
"6.0, 6.0"
"59.0, 44.0"
"36.0, 39.0"
"121.0, 129.0"
"44.0, 41.0"
"22.0, 23.0"
"118.0, 119.0"
"122.0, 234.0"
"114.0, 84.0"
RMSE2: [30.69961998]
RHS: [225.88859897]
Time : [22.073264] seconds
"123.0, 112.0"
"117.0, 98.0"
"47.0, 69.0"
"79.0, 82.0"
"110.0, 91.0"
"120.0, 93.0"
"91.0, 91.0"
"106.0, 95.0"
"121.0, 111.0"
"69.0, 96.0"
RMSE2: [17.36375535]
RHS: [4.26495823]
Time : [22.073264] seconds
"123.0, 171.0"
"31.0, 27.0"
"123.0, 86.0"
"62.0, 66.0"
"122.0, 129.0"
"7.0, 10.0"
"120.0, 155.0"
"94.0, 72.0"
"99.0, 54.0"
"81.0, 65.0"
"118.0, 116.0"
"1.0, 2.0"
"121.0, 164.0"
"67.0, 59.0"
"83.0, 60.0"
"123.0, 97.0"
"-1.0, 0.0"
"3.0, 5.0"
"46.0, 46.0"
"60.0, 51.0"
"8.0, 11.0"
"123.0, 163.0"
"122.0, 70.0"
"110.0, 119.0"
"4.0, 3.0"
"16.0, 19.0"
"48.0, 43.0"
"122.0, 77.0"
"6.0, 5.0"
"123.0, 81.0"
RMSE2: [25.28570083]
RHS: [20.14023611]
Time : [23.222184] seconds
"122.0, 112.0"
"110.0, 98.0"
"43.0, 69.0"
"86.0, 82.0"
"74.0, 91.0"
"110.0, 93.0"
"117.0, 91.0"
"89.0, 95.0"
"120.0, 111.0"
"68.0, 96.0"
RMSE2: [17.58124]
RHS: [4.02186525]
Time : [23.222184] seconds
"121.0, 149.0"
"86.0, 139.0"
"122.0, 143.0"
"82.0, 58.0"
"35.0, 40.0"
"48.0, 48.0"
"74.0, 80.0"
"104.0, 96.0"
"106.0, 108.0"
"111.0, 88.0"
"68.0, 57.0"
"46.0, 35.0"
"4.0, 1.0"
"122.0, 148.0"
"22.0, 23.0"
"111.0, 109.0"
"119.0, 158.0"
"36.0, 32.0"
"5.0, 7.0"
"122.0, 238.0"
"121.0, 308.0"
"113.0, 117.0"
"1.0, 3.0"
"91.0, 191.0"
"80.0, 110.0"
"122.0, 167.0"
"70.0, 61.0"
"10.0, 14.0"
"43.0, 28.0"
"114.0, 146.0"
RMSE2: [48.46201261]
RHS: [59218.49123741]
Time : [22.627096] seconds
"122.0, 112.0"
"112.0, 98.0"
"45.0, 69.0"
"80.0, 82.0"
"98.0, 91.0"
"101.0, 93.0"
"120.0, 91.0"
"81.0, 95.0"
"116.0, 111.0"
"75.0, 96.0"
RMSE2: [15.78606981]
RHS: [3.63028142]
Time : [22.627096] seconds
"111.0, 79.0"
"93.0, 106.0"
"117.0, 87.0"
"122.0, 106.0"
"122.0, 115.0"
"80.0, 65.0"
"122.0, 155.0"
"122.0, 176.0"
"9.0, 18.0"
"58.0, 33.0"
"72.0, 52.0"
"58.0, 53.0"
"42.0, 38.0"
"20.0, 15.0"
"25.0, 23.0"
"121.0, 303.0"
"79.0, 68.0"
"88.0, 118.0"
"14.0, 16.0"
"120.0, 176.0"
"122.0, 151.0"
"118.0, 189.0"
"89.0, 85.0"
"97.0, 117.0"
"110.0, 168.0"
"60.0, 52.0"
"120.0, 174.0"
"122.0, 100.0"
"110.0, 68.0"
"23.0, 22.0"
RMSE2: [44.71390537]
RHS: [40110.19118558]
Time : [21.555729] seconds
"121.0, 112.0"
"111.0, 98.0"
"53.0, 69.0"
"92.0, 82.0"
"111.0, 91.0"
"119.0, 93.0"
"95.0, 91.0"
"119.0, 95.0"
"122.0, 111.0"
"117.0, 96.0"
RMSE2: [16.84042755]
RHS: [4.6809175]
Time : [21.555729] seconds
"87.0, 85.0"
"24.0, 24.0"
"119.0, 121.0"
"16.0, 15.0"
"32.0, 31.0"
"114.0, 127.0"
"118.0, 111.0"
"4.0, 2.0"
"120.0, 159.0"
"122.0, 172.0"
"121.0, 118.0"
"15.0, 14.0"
"41.0, 38.0"
"123.0, 140.0"
"28.0, 29.0"
"105.0, 66.0"
"38.0, 43.0"
"35.0, 28.0"
"32.0, 31.0"
"95.0, 107.0"
"28.0, 20.0"
"12.0, 15.0"
"122.0, 181.0"
"117.0, 180.0"
"121.0, 200.0"
"37.0, 30.0"
"123.0, 193.0"
"116.0, 113.0"
"112.0, 138.0"
"31.0, 34.0"
RMSE2: [29.27399301]
RHS: [33.45155169]
Time : [21.398998] seconds
"122.0, 112.0"
"121.0, 98.0"
"56.0, 69.0"
"88.0, 82.0"
"118.0, 91.0"
"119.0, 93.0"
"99.0, 91.0"
"85.0, 95.0"
"121.0, 111.0"
"110.0, 96.0"
RMSE2: [16.42863354]
RHS: [4.67334629]
Time : [21.398998] seconds
"18.0, 16.0"
"28.0, 28.0"
"19.0, 17.0"
"38.0, 41.0"
"89.0, 99.0"
"5.0, 3.0"
"101.0, 84.0"
"120.0, 82.0"
"122.0, 111.0"
"122.0, 147.0"
"69.0, 55.0"
"115.0, 123.0"
"122.0, 122.0"
"70.0, 70.0"
"69.0, 64.0"
"121.0, 128.0"
"106.0, 144.0"
"70.0, 56.0"
"122.0, 129.0"
"24.0, 24.0"
"122.0, 114.0"
"122.0, 209.0"
"58.0, 42.0"
"68.0, 75.0"
"119.0, 199.0"
"48.0, 49.0"
"30.0, 27.0"
"77.0, 56.0"
"121.0, 76.0"
"25.0, 13.0"
RMSE2: [26.82101166]
RHS: [48.80890434]
Time : [21.875922] seconds
"122.0, 112.0"
"118.0, 98.0"
"47.0, 69.0"
"74.0, 82.0"
"90.0, 91.0"
"115.0, 93.0"
"112.0, 91.0"
"89.0, 95.0"
"121.0, 111.0"
"104.0, 96.0"
RMSE2: [14.7444905]
RHS: [3.21911858]
Time : [21.875922] seconds
"122.0, 202.0"
"111.0, 107.0"
"122.0, 218.0"
"15.0, 16.0"
"116.0, 116.0"
"46.0, 37.0"
"59.0, 47.0"
"64.0, 62.0"
"103.0, 75.0"
"64.0, 56.0"
"10.0, 9.0"
"121.0, 124.0"
"27.0, 23.0"
"118.0, 151.0"
"117.0, 61.0"
"16.0, 13.0"
"48.0, 48.0"
"119.0, 118.0"
"119.0, 175.0"
"65.0, 76.0"
"88.0, 52.0"
"122.0, 130.0"
"57.0, 47.0"
"20.0, 24.0"
"119.0, 119.0"
"101.0, 70.0"
"103.0, 114.0"
"113.0, 81.0"
"113.0, 85.0"
"118.0, 142.0"
RMSE2: [31.18225991]
RHS: [85.43802939]
Time : [22.687379] seconds
"122.0, 112.0"
"121.0, 98.0"
"49.0, 69.0"
"105.0, 82.0"
"110.0, 91.0"
"115.0, 93.0"
"116.0, 91.0"
"82.0, 95.0"
"120.0, 111.0"
"91.0, 96.0"
RMSE2: [18.17415748]
RHS: [5.18644023]
Time : [22.687379] seconds
"120.0, 131.0"
"109.0, 132.0"
"58.0, 41.0"
"109.0, 118.0"
"98.0, 151.0"
"52.0, 65.0"
"83.0, 57.0"
"73.0, 79.0"
"16.0, 21.0"
"68.0, 85.0"
"122.0, 124.0"
"114.0, 117.0"
"72.0, 72.0"
"121.0, 132.0"
"41.0, 28.0"
"120.0, 111.0"
"89.0, 105.0"
"-3.0, 0.0"
"113.0, 76.0"
"122.0, 231.0"
"121.0, 138.0"
"111.0, 144.0"
"109.0, 166.0"
"92.0, 67.0"
"121.0, 131.0"
"122.0, 139.0"
"122.0, 178.0"
"21.0, 32.0"
"120.0, 92.0"
"113.0, 122.0"
RMSE2: [30.92248373]
RHS: [157.11347672]
Time : [21.203778] seconds
"122.0, 112.0"
"121.0, 98.0"
"39.0, 69.0"
"95.0, 82.0"
"114.0, 91.0"
"111.0, 93.0"
"115.0, 91.0"
"91.0, 95.0"
"122.0, 111.0"
"99.0, 96.0"
RMSE2: [18.09143444]
RHS: [4.91742772]
Time : [21.203778] seconds
"74.0, 103.0"
"114.0, 170.0"
"122.0, 159.0"
"121.0, 163.0"
"28.0, 37.0"
"118.0, 122.0"
"122.0, 132.0"
"122.0, 107.0"
"9.0, 9.0"
"122.0, 115.0"
"122.0, 82.0"
"38.0, 38.0"
"107.0, 109.0"
"95.0, 161.0"
"79.0, 88.0"
"86.0, 70.0"
"111.0, 103.0"
"101.0, 129.0"
"30.0, 25.0"
"37.0, 40.0"
"109.0, 160.0"
"50.0, 83.0"
"86.0, 151.0"
"66.0, 66.0"
"96.0, 111.0"
"49.0, 44.0"
"115.0, 74.0"
"105.0, 298.0"
"115.0, 196.0"
"121.0, 150.0"
RMSE2: [48.0475459]
RHS: [93467.0134996]
Time : [21.99986] seconds
"122.0, 112.0"
"87.0, 98.0"
"37.0, 69.0"
"77.0, 82.0"
"105.0, 91.0"
"118.0, 93.0"
"118.0, 91.0"
"70.0, 95.0"
"120.0, 111.0"
"112.0, 96.0"
RMSE2: [19.44736486]
RHS: [5.36128689]
Time : [21.99986] seconds
"8.0, 13.0"
"18.0, 14.0"
"22.0, 22.0"
"100.0, 109.0"
"119.0, 150.0"
"15.0, 16.0"
"54.0, 35.0"
"103.0, 70.0"
"26.0, 23.0"
"123.0, 97.0"
"5.0, 3.0"
"47.0, 42.0"
"80.0, 80.0"
"123.0, 121.0"
"53.0, 65.0"
"22.0, 23.0"
"45.0, 43.0"
"50.0, 36.0"
"26.0, 18.0"
"7.0, 7.0"
"99.0, 76.0"
"123.0, 93.0"
"119.0, 130.0"
"11.0, 8.0"
"65.0, 71.0"
"119.0, 138.0"
"3.0, 0.0"
"15.0, 11.0"
"123.0, 92.0"
"120.0, 80.0"
RMSE2: [16.53581971]
RHS: [5.7657985]
Time : [23.586657] seconds
"123.0, 112.0"
"115.0, 98.0"
"56.0, 69.0"
"91.0, 82.0"
"95.0, 91.0"
"87.0, 93.0"
"113.0, 91.0"
"108.0, 95.0"
"120.0, 111.0"
"77.0, 96.0"
RMSE2: [13.44247001]
RHS: [2.62008384]
Time : [23.586657] seconds
"119.0, 129.0"
"66.0, 83.0"
"57.0, 49.0"
"0.0, 1.0"
"82.0, 94.0"
"2.0, 0.0"
"32.0, 26.0"
"45.0, 70.0"
"101.0, 130.0"
"120.0, 159.0"
"108.0, 104.0"
"42.0, 29.0"
"120.0, 129.0"
"88.0, 77.0"
"45.0, 47.0"
"60.0, 60.0"
"120.0, 125.0"
"120.0, 94.0"
"120.0, 145.0"
"52.0, 53.0"
"120.0, 156.0"
"41.0, 44.0"
"10.0, 18.0"
"62.0, 58.0"
"104.0, 138.0"
"78.0, 94.0"
"5.0, 11.0"
"115.0, 147.0"
"17.0, 21.0"
"73.0, 63.0"
"116.0, 109.0"
"90.0, 119.0"
"69.0, 102.0"
"45.0, 32.0"
"82.0, 109.0"
"86.0, 81.0"
"37.0, 36.0"
"120.0, 222.0"
"20.0, 19.0"
"120.0, 146.0"
RMSE2: [24.13503677]
RHS: [67.59841607]
Time : [18.016386] seconds
"120.0, 112.0"
"120.0, 98.0"
"45.0, 69.0"
"109.0, 82.0"
"118.0, 91.0"
"101.0, 93.0"
"96.0, 91.0"
"100.0, 95.0"
"108.0, 111.0"
"77.0, 96.0"
RMSE2: [17.50999714]
RHS: [4.84405647]
Time : [18.016386] seconds
"77.0, 106.0"
"69.0, 45.0"
"71.0, 75.0"
"67.0, 66.0"
"120.0, 111.0"
"21.0, 26.0"
"119.0, 211.0"
"36.0, 59.0"
"38.0, 51.0"
"64.0, 113.0"
"26.0, 22.0"
"112.0, 75.0"
"115.0, 90.0"
"120.0, 147.0"
"74.0, 66.0"
"24.0, 16.0"
"33.0, 39.0"
"114.0, 133.0"
"120.0, 173.0"
"83.0, 110.0"
"89.0, 134.0"
"89.0, 88.0"
"34.0, 33.0"
"60.0, 82.0"
"120.0, 145.0"
"72.0, 66.0"
"39.0, 28.0"
"16.0, 18.0"
"107.0, 271.0"
"78.0, 143.0"
"116.0, 63.0"
"60.0, 42.0"
"120.0, 129.0"
"120.0, 246.0"
"45.0, 48.0"
"7.0, 5.0"
"34.0, 26.0"
"37.0, 60.0"
"34.0, 32.0"
"93.0, 176.0"
RMSE2: [44.97554891]
RHS: [7993.12028568]
Time : [18.155408] seconds
"117.0, 112.0"
"117.0, 98.0"
"45.0, 69.0"
"87.0, 82.0"
"103.0, 91.0"
"117.0, 93.0"
"109.0, 91.0"
"76.0, 95.0"
"120.0, 111.0"
"82.0, 96.0"
RMSE2: [16.3370744]
RHS: [3.64195086]
Time : [18.155408] seconds
"82.0, 108.0"
"122.0, 182.0"
"57.0, 69.0"
"40.0, 42.0"
"102.0, 64.0"
"116.0, 100.0"
"101.0, 78.0"
"27.0, 32.0"
"119.0, 114.0"
"120.0, 160.0"
"86.0, 108.0"
"121.0, 117.0"
"64.0, 71.0"
"122.0, 139.0"
"121.0, 144.0"
"55.0, 41.0"
"120.0, 81.0"
"9.0, 7.0"
"114.0, 98.0"
"18.0, 14.0"
"121.0, 174.0"
"122.0, 144.0"
"100.0, 90.0"
"118.0, 164.0"
"117.0, 85.0"
"13.0, 12.0"
"12.0, 12.0"
"27.0, 33.0"
"34.0, 33.0"
"0.0, 2.0"
"106.0, 138.0"
"58.0, 58.0"
"104.0, 161.0"
"121.0, 140.0"
"77.0, 98.0"
"12.0, 10.0"
"37.0, 28.0"
"17.0, 16.0"
"35.0, 29.0"
"121.0, 160.0"
RMSE2: [24.97799031]
RHS: [12.42129977]
Time : [19.722661] seconds
"121.0, 112.0"
"111.0, 98.0"
"52.0, 69.0"
"96.0, 82.0"
"94.0, 91.0"
"117.0, 93.0"
"102.0, 91.0"
"93.0, 95.0"
"120.0, 111.0"
"102.0, 96.0"
RMSE2: [12.49799984]
RHS: [2.47069652]
Time : [19.722661] seconds
"119.0, 123.0"
"100.0, 104.0"
"42.0, 30.0"
"40.0, 47.0"
"56.0, 55.0"
"119.0, 132.0"
"20.0, 16.0"
"61.0, 100.0"
"26.0, 22.0"
"119.0, 140.0"
"48.0, 45.0"
"20.0, 17.0"
"118.0, 150.0"
"99.0, 121.0"
"88.0, 60.0"
"102.0, 62.0"
"111.0, 141.0"
"68.0, 110.0"
"119.0, 177.0"
"104.0, 104.0"
"104.0, 94.0"
"119.0, 138.0"
"91.0, 125.0"
"100.0, 144.0"
"88.0, 191.0"
"113.0, 127.0"
"76.0, 114.0"
"93.0, 209.0"
"98.0, 99.0"
"110.0, 120.0"
"119.0, 104.0"
"115.0, 98.0"
"72.0, 158.0"
"67.0, 57.0"
"65.0, 98.0"
"115.0, 130.0"
"93.0, 192.0"
"117.0, 172.0"
"86.0, 122.0"
"102.0, 118.0"
RMSE2: [40.43142342]
RHS: [336.10575012]
Time : [20.165631] seconds
"105.0, 112.0"
"87.0, 98.0"
"58.0, 69.0"
"108.0, 82.0"
"116.0, 91.0"
"117.0, 93.0"
"83.0, 91.0"
"115.0, 95.0"
"119.0, 111.0"
"61.0, 96.0"
RMSE2: [19.80151509]
RHS: [5.92747848]
Time : [20.165631] seconds
"38.0, 39.0"
"30.0, 32.0"
"77.0, 75.0"
"107.0, 132.0"
"17.0, 16.0"
"47.0, 45.0"
"21.0, 18.0"
"114.0, 107.0"
"79.0, 102.0"
"27.0, 26.0"
"90.0, 87.0"
"97.0, 140.0"
"121.0, 112.0"
"27.0, 20.0"
"120.0, 92.0"
"62.0, 63.0"
"99.0, 65.0"
"115.0, 154.0"
"120.0, 99.0"
"120.0, 141.0"
"113.0, 154.0"
"32.0, 35.0"
"25.0, 44.0"
"115.0, 131.0"
"8.0, 8.0"
"91.0, 250.0"
"121.0, 108.0"
"89.0, 79.0"
"91.0, 115.0"
"74.0, 118.0"
"121.0, 125.0"
"33.0, 35.0"
"35.0, 32.0"
"60.0, 109.0"
"121.0, 139.0"
"112.0, 93.0"
"110.0, 146.0"
"95.0, 72.0"
"121.0, 112.0"
"22.0, 13.0"
RMSE2: [32.79862802]
RHS: [5131.55237317]
Time : [19.265354] seconds
"121.0, 112.0"
"121.0, 98.0"
"37.0, 69.0"
"82.0, 82.0"
"91.0, 91.0"
"114.0, 93.0"
"106.0, 91.0"
"96.0, 95.0"
"119.0, 111.0"
"119.0, 96.0"
RMSE2: [17.01176064]
RHS: [4.21093717]
Time : [19.265354] seconds
"111.0, 86.0"
"-1.0, 0.0"
"40.0, 36.0"
"122.0, 151.0"
"75.0, 131.0"
"5.0, 8.0"
"6.0, 5.0"
"120.0, 112.0"
"117.0, 183.0"
"121.0, 167.0"
"83.0, 72.0"
"41.0, 43.0"
"79.0, 67.0"
"121.0, 121.0"
"9.0, 18.0"
"122.0, 152.0"
"116.0, 114.0"
"56.0, 27.0"
"122.0, 119.0"
"122.0, 185.0"
"122.0, 161.0"
"108.0, 84.0"
"63.0, 60.0"
"46.0, 32.0"
"116.0, 138.0"
"122.0, 149.0"
"77.0, 103.0"
"122.0, 122.0"
"15.0, 14.0"
"121.0, 182.0"
"72.0, 104.0"
"122.0, 156.0"
"122.0, 180.0"
"45.0, 37.0"
"121.0, 95.0"
"50.0, 37.0"
"30.0, 36.0"
"77.0, 62.0"
"103.0, 55.0"
"73.0, 101.0"
RMSE2: [29.56053112]
RHS: [21.55614381]
Time : [19.831527] seconds
"122.0, 112.0"
"120.0, 98.0"
"38.0, 69.0"
"103.0, 82.0"
"118.0, 91.0"
"117.0, 93.0"
"118.0, 91.0"
"117.0, 95.0"
"120.0, 111.0"
"63.0, 96.0"
RMSE2: [23.82015953]
RHS: [8.56917874]
Time : [19.831527] seconds
"3.0, 1.0"
"93.0, 69.0"
"121.0, 120.0"
"57.0, 54.0"
"49.0, 39.0"
"24.0, 28.0"
"90.0, 119.0"
"75.0, 78.0"
"99.0, 75.0"
"117.0, 100.0"
"61.0, 49.0"
"119.0, 94.0"
"48.0, 46.0"
"70.0, 67.0"
"31.0, 27.0"
"98.0, 124.0"
"18.0, 20.0"
"110.0, 101.0"
"4.0, 3.0"
"113.0, 110.0"
"122.0, 166.0"
"83.0, 56.0"
"111.0, 83.0"
"80.0, 115.0"
"7.0, 8.0"
"0.0, 0.0"
"118.0, 237.0"
"8.0, 9.0"
"9.0, 13.0"
"117.0, 74.0"
"24.0, 31.0"
"114.0, 128.0"
"105.0, 79.0"
"108.0, 107.0"
"120.0, 147.0"
"91.0, 72.0"
"75.0, 126.0"
"113.0, 139.0"
"88.0, 134.0"
"114.0, 76.0"
RMSE2: [28.95729614]
RHS: [245.35893545]
Time : [19.587098] seconds
"121.0, 112.0"
"120.0, 98.0"
"42.0, 69.0"
"82.0, 82.0"
"114.0, 91.0"
"115.0, 93.0"
"115.0, 91.0"
"108.0, 95.0"
"119.0, 111.0"
"103.0, 96.0"
RMSE2: [17.79044687]
RHS: [4.83954569]
Time : [19.587098] seconds
"114.0, 127.0"
"120.0, 172.0"
"105.0, 106.0"
"78.0, 102.0"
"23.0, 21.0"
"120.0, 139.0"
"20.0, 20.0"
"38.0, 40.0"
"107.0, 238.0"
"113.0, 102.0"
"110.0, 126.0"
"120.0, 194.0"
"113.0, 111.0"
"120.0, 120.0"
"117.0, 97.0"
"15.0, 22.0"
"116.0, 87.0"
"31.0, 46.0"
"120.0, 125.0"
"120.0, 109.0"
"120.0, 132.0"
"119.0, 123.0"
"112.0, 174.0"
"115.0, 198.0"
"94.0, 75.0"
"84.0, 96.0"
"85.0, 62.0"
"23.0, 39.0"
"44.0, 51.0"
"120.0, 127.0"
"120.0, 110.0"
"99.0, 81.0"
"115.0, 75.0"
"91.0, 117.0"
"119.0, 88.0"
"3.0, 5.0"
"100.0, 143.0"
"30.0, 28.0"
"40.0, 30.0"
"33.0, 31.0"
RMSE2: [34.05913974]
RHS: [625.68129219]
Time : [19.394733] seconds
"120.0, 112.0"
"116.0, 98.0"
"45.0, 69.0"
"62.0, 82.0"
"101.0, 91.0"
"111.0, 93.0"
"89.0, 91.0"
"52.0, 95.0"
"119.0, 111.0"
"94.0, 96.0"
RMSE2: [19.25876424]
RHS: [4.99161085]
Time : [19.394733] seconds
"121.0, 237.0"
"112.0, 152.0"
"33.0, 39.0"
"117.0, 147.0"
"65.0, 63.0"
"33.0, 29.0"
"117.0, 106.0"
"118.0, 121.0"
"120.0, 182.0"
"104.0, 51.0"
"116.0, 54.0"
"46.0, 27.0"
"16.0, 12.0"
"46.0, 41.0"
"33.0, 37.0"
"121.0, 127.0"
"119.0, 108.0"
"117.0, 167.0"
"28.0, 22.0"
"61.0, 70.0"
"27.0, 38.0"
"88.0, 184.0"
"82.0, 107.0"
"38.0, 36.0"
"71.0, 82.0"
"71.0, 78.0"
"33.0, 25.0"
"118.0, 175.0"
"85.0, 93.0"
"121.0, 120.0"
"121.0, 183.0"
"121.0, 199.0"
"120.0, 217.0"
"83.0, 114.0"
"121.0, 111.0"
"88.0, 79.0"
"119.0, 185.0"
"120.0, 167.0"
"59.0, 37.0"
"36.0, 39.0"
RMSE2: [42.09572425]
RHS: [314.41123042]
Time : [18.780845] seconds
"120.0, 112.0"
"118.0, 98.0"
"44.0, 69.0"
"90.0, 82.0"
"81.0, 91.0"
"117.0, 93.0"
"111.0, 91.0"
"79.0, 95.0"
"117.0, 111.0"
"113.0, 96.0"
RMSE2: [16.76305461]
RHS: [3.99723828]
Time : [18.780845] seconds
"26.0, 23.0"
"121.0, 132.0"
"72.0, 57.0"
"119.0, 140.0"
"50.0, 58.0"
"118.0, 215.0"
"118.0, 112.0"
"121.0, 153.0"
"88.0, 129.0"
"121.0, 113.0"
"52.0, 56.0"
"61.0, 56.0"
"28.0, 28.0"
"100.0, 112.0"
"117.0, 140.0"
"96.0, 67.0"
"109.0, 72.0"
"35.0, 35.0"
"37.0, 37.0"
"118.0, 122.0"
"117.0, 153.0"
"106.0, 111.0"
"103.0, 104.0"
"121.0, 223.0"
"66.0, 72.0"
"117.0, 160.0"
"121.0, 155.0"
"81.0, 98.0"
"31.0, 29.0"
"18.0, 22.0"
"97.0, 156.0"
"101.0, 91.0"
"114.0, 137.0"
"22.0, 22.0"
"120.0, 164.0"
"66.0, 64.0"
"68.0, 43.0"
"86.0, 124.0"
"45.0, 35.0"
"120.0, 150.0"
RMSE2: [31.70528347]
RHS: [115.72715532]
Time : [18.397922] seconds
"121.0, 112.0"
"116.0, 98.0"
"51.0, 69.0"
"94.0, 82.0"
"113.0, 91.0"
"111.0, 93.0"
"120.0, 91.0"
"112.0, 95.0"
"117.0, 111.0"
"113.0, 96.0"
RMSE2: [17.7087549]
RHS: [5.18414771]
Time : [18.397922] seconds
"27.0, 36.0"
"119.0, 113.0"
"67.0, 74.0"
"85.0, 93.0"
"5.0, 5.0"
"119.0, 147.0"
"97.0, 67.0"
"31.0, 23.0"
"119.0, 82.0"
"36.0, 27.0"
"50.0, 55.0"
"40.0, 38.0"
"74.0, 101.0"
"108.0, 94.0"
"119.0, 103.0"
"112.0, 189.0"
"119.0, 125.0"
"5.0, 3.0"
"114.0, 78.0"
"36.0, 20.0"
"119.0, 107.0"
"67.0, 54.0"
"116.0, 91.0"
"119.0, 162.0"
"16.0, 17.0"
"11.0, 10.0"
"118.0, 88.0"
"38.0, 40.0"
"119.0, 137.0"
"43.0, 40.0"
"40.0, 29.0"
"105.0, 197.0"
"79.0, 93.0"
"37.0, 30.0"
"52.0, 81.0"
"118.0, 105.0"
"46.0, 46.0"
"48.0, 26.0"
"119.0, 150.0"
"60.0, 51.0"
"119.0, 143.0"
"117.0, 206.0"
"18.0, 18.0"
"7.0, 2.0"
"119.0, 265.0"
"119.0, 105.0"
"64.0, 68.0"
"117.0, 80.0"
"11.0, 17.0"
"73.0, 54.0"
RMSE2: [34.45780028]
RHS: [1563.85282792]
Time : [16.599802] seconds
"119.0, 112.0"
"119.0, 98.0"
"54.0, 69.0"
"102.0, 82.0"
"116.0, 91.0"
"118.0, 93.0"
"118.0, 91.0"
"95.0, 95.0"
"118.0, 111.0"
"91.0, 96.0"
RMSE2: [17.79887637]
RHS: [5.44668635]
Time : [16.599802] seconds
"114.0, 106.0"
"115.0, 80.0"
"102.0, 135.0"
"117.0, 153.0"
"21.0, 19.0"
"25.0, 23.0"
"54.0, 60.0"
"7.0, 11.0"
"115.0, 100.0"
"116.0, 193.0"
"117.0, 116.0"
"111.0, 112.0"
"36.0, 36.0"
"76.0, 47.0"
"54.0, 52.0"
"113.0, 114.0"
"118.0, 166.0"
"19.0, 10.0"
"98.0, 82.0"
"57.0, 50.0"
"5.0, 1.0"
"79.0, 51.0"
"113.0, 127.0"
"36.0, 40.0"
"117.0, 169.0"
"99.0, 66.0"
"15.0, 18.0"
"111.0, 161.0"
"5.0, 4.0"
"27.0, 19.0"
"118.0, 112.0"
"95.0, 68.0"
"117.0, 240.0"
"113.0, 139.0"
"118.0, 175.0"
"118.0, 136.0"
"89.0, 83.0"
"118.0, 135.0"
"116.0, 153.0"
"115.0, 129.0"
"2.0, 2.0"
"58.0, 39.0"
"95.0, 144.0"
"113.0, 101.0"
"97.0, 191.0"
"7.0, 6.0"
"25.0, 23.0"
"42.0, 32.0"
"118.0, 107.0"
"41.0, 32.0"
RMSE2: [33.1321596]
RHS: [301.23420383]
Time : [15.929667] seconds
"118.0, 112.0"
"117.0, 98.0"
"42.0, 69.0"
"88.0, 82.0"
"104.0, 91.0"
"113.0, 93.0"
"116.0, 91.0"
"99.0, 95.0"
"116.0, 111.0"
"112.0, 96.0"
RMSE2: [16.28803242]
RHS: [3.96444348]
Time : [15.929667] seconds
"117.0, 75.0"
"31.0, 26.0"
"117.0, 146.0"
"53.0, 44.0"
"113.0, 80.0"
"26.0, 23.0"
"117.0, 125.0"
"25.0, 31.0"
"45.0, 44.0"
"5.0, 4.0"
"117.0, 135.0"
"113.0, 168.0"
"30.0, 29.0"
"110.0, 90.0"
"9.0, 9.0"
"15.0, 17.0"
"117.0, 162.0"
"79.0, 92.0"
"116.0, 91.0"
"81.0, 74.0"
"58.0, 59.0"
"108.0, 66.0"
"110.0, 104.0"
"25.0, 28.0"
"16.0, 18.0"
"116.0, 181.0"
"30.0, 33.0"
"81.0, 83.0"
"97.0, 126.0"
"22.0, 18.0"
"117.0, 137.0"
"27.0, 37.0"
"117.0, 122.0"
"82.0, 130.0"
"2.0, 1.0"
"117.0, 290.0"
"117.0, 127.0"
"116.0, 102.0"
"117.0, 130.0"
"116.0, 78.0"
"104.0, 125.0"
"115.0, 144.0"
"13.0, 11.0"
"116.0, 131.0"
"117.0, 75.0"
"71.0, 61.0"
"117.0, 198.0"
"117.0, 102.0"
"85.0, 96.0"
"24.0, 18.0"
RMSE2: [35.33496852]
RHS: [12058.90563813]
Time : [15.608042] seconds
"117.0, 112.0"
"116.0, 98.0"
"54.0, 69.0"
"110.0, 82.0"
"108.0, 91.0"
"114.0, 93.0"
"114.0, 91.0"
"110.0, 95.0"
"115.0, 111.0"
"111.0, 96.0"
RMSE2: [17.55847374]
RHS: [5.13828813]
Time : [15.608042] seconds
"118.0, 241.0"
"5.0, 7.0"
"116.0, 147.0"
"15.0, 21.0"
"118.0, 178.0"
"7.0, 13.0"
"1.0, 1.0"
"118.0, 134.0"
"118.0, 135.0"
"101.0, 98.0"
"63.0, 92.0"
"1.0, 0.0"
"86.0, 82.0"
"89.0, 111.0"
"90.0, 73.0"
"91.0, 64.0"
"118.0, 106.0"
"117.0, 132.0"
"61.0, 70.0"
"34.0, 40.0"
"57.0, 39.0"
"107.0, 89.0"
"25.0, 25.0"
"115.0, 93.0"
"59.0, 59.0"
"118.0, 165.0"
"118.0, 188.0"
"24.0, 32.0"
"59.0, 103.0"
"99.0, 85.0"
"9.0, 14.0"
"29.0, 31.0"
"118.0, 88.0"
"13.0, 15.0"
"63.0, 66.0"
"76.0, 105.0"
"118.0, 248.0"
"27.0, 24.0"
"102.0, 123.0"
"118.0, 148.0"
"107.0, 160.0"
"113.0, 175.0"
"34.0, 42.0"
"99.0, 112.0"
"118.0, 114.0"
"114.0, 120.0"
"29.0, 57.0"
"118.0, 275.0"
"118.0, 282.0"
"115.0, 92.0"
RMSE2: [47.63024249]
RHS: [10249.95995112]
Time : [15.978886] seconds
"118.0, 112.0"
"117.0, 98.0"
"43.0, 69.0"
"64.0, 82.0"
"95.0, 91.0"
"112.0, 93.0"
"113.0, 91.0"
"83.0, 95.0"
"115.0, 111.0"
"100.0, 96.0"
RMSE2: [15.601282]
RHS: [3.25937643]
Time : [15.978886] seconds
"76.0, 71.0"
"116.0, 110.0"
"102.0, 78.0"
"27.0, 25.0"
"115.0, 112.0"
"58.0, 59.0"
"115.0, 91.0"
"56.0, 52.0"
"57.0, 54.0"
"94.0, 136.0"
"10.0, 6.0"
"113.0, 98.0"
"20.0, 15.0"
"21.0, 21.0"
"118.0, 163.0"
"112.0, 131.0"
"118.0, 147.0"
"88.0, 70.0"
"15.0, 12.0"
"118.0, 147.0"
"118.0, 108.0"
"34.0, 32.0"
"28.0, 29.0"
"111.0, 104.0"
"118.0, 173.0"
"118.0, 152.0"
"117.0, 139.0"
"2.0, 3.0"
"88.0, 55.0"
"93.0, 102.0"
"40.0, 25.0"
"22.0, 22.0"
"117.0, 197.0"
"43.0, 45.0"
"86.0, 93.0"
"12.0, 13.0"
"112.0, 80.0"
"118.0, 137.0"
"116.0, 162.0"
"118.0, 139.0"
"117.0, 209.0"
"25.0, 17.0"
"71.0, 66.0"
"118.0, 176.0"
"118.0, 108.0"
"100.0, 94.0"
"56.0, 83.0"
"109.0, 164.0"
"1.0, 1.0"
"100.0, 101.0"
RMSE2: [28.32031073]
RHS: [42.193208]
Time : [16.801737] seconds
"118.0, 112.0"
"117.0, 98.0"
"64.0, 69.0"
"98.0, 82.0"
"94.0, 91.0"
"110.0, 93.0"
"102.0, 91.0"
"107.0, 95.0"
"117.0, 111.0"
"113.0, 96.0"
RMSE2: [12.51399217]
RHS: [2.53742502]
Time : [16.801737] seconds
"50.0, 38.0"
"117.0, 159.0"
"107.0, 58.0"
"116.0, 113.0"
"115.0, 105.0"
"22.0, 22.0"
"117.0, 222.0"
"38.0, 57.0"
"58.0, 55.0"
"7.0, 13.0"
"25.0, 26.0"
"91.0, 86.0"
"115.0, 154.0"
"51.0, 52.0"
"97.0, 106.0"
"119.0, 120.0"
"27.0, 28.0"
"90.0, 74.0"
"53.0, 50.0"
"109.0, 136.0"
"21.0, 14.0"
"119.0, 179.0"
"59.0, 50.0"
"39.0, 43.0"
"89.0, 91.0"
"74.0, 61.0"
"63.0, 60.0"
"46.0, 34.0"
"110.0, 90.0"
"107.0, 129.0"
"113.0, 209.0"
"67.0, 47.0"
"118.0, 150.0"
"66.0, 72.0"
"62.0, 63.0"
"45.0, 53.0"
"117.0, 92.0"
"116.0, 196.0"
"111.0, 155.0"
"13.0, 14.0"
"79.0, 109.0"
"94.0, 131.0"
"49.0, 33.0"
"24.0, 15.0"
"26.0, 21.0"
"75.0, 83.0"
"32.0, 30.0"
"119.0, 257.0"
"15.0, 11.0"
"12.0, 10.0"
RMSE2: [36.0266568]
RHS: [929.26359469]
Time : [16.25261] seconds
"119.0, 112.0"
"116.0, 98.0"
"40.0, 69.0"
"92.0, 82.0"
"104.0, 91.0"
"91.0, 93.0"
"86.0, 91.0"
"74.0, 95.0"
"116.0, 111.0"
"116.0, 96.0"
RMSE2: [15.42076522]
RHS: [3.04609613]
Time : [16.25261] seconds
"50.0, 47.0"
"91.0, 124.0"
"113.0, 152.0"
"111.0, 111.0"
"27.0, 27.0"
"116.0, 203.0"
"32.0, 27.0"
"105.0, 126.0"
"32.0, 39.0"
"50.0, 66.0"
"61.0, 71.0"
"98.0, 85.0"
"87.0, 72.0"
"110.0, 111.0"
"38.0, 39.0"
"52.0, 84.0"
"28.0, 41.0"
"113.0, 74.0"
"44.0, 44.0"
"74.0, 141.0"
"63.0, 81.0"
"116.0, 176.0"
"50.0, 57.0"
"116.0, 150.0"
"95.0, 108.0"
"99.0, 97.0"
"116.0, 238.0"
"26.0, 28.0"
"99.0, 148.0"
"54.0, 58.0"
"116.0, 164.0"
"116.0, 315.0"
"114.0, 78.0"
"66.0, 81.0"
"111.0, 74.0"
"116.0, 159.0"
"112.0, 107.0"
"69.0, 72.0"
"116.0, 161.0"
"116.0, 245.0"
"10.0, 9.0"
"115.0, 138.0"
"98.0, 60.0"
"40.0, 31.0"
"73.0, 127.0"
"33.0, 25.0"
"4.0, 1.0"
"116.0, 165.0"
"93.0, 76.0"
"3.0, 0.0"
RMSE2: [47.82300702]
RHS: [89613.29846628]
Time : [14.981436] seconds
"115.0, 112.0"
"116.0, 98.0"
"38.0, 69.0"
"101.0, 82.0"
"114.0, 91.0"
"116.0, 93.0"
"113.0, 91.0"
"101.0, 95.0"
"116.0, 111.0"
"78.0, 96.0"
RMSE2: [18.92617235]
RHS: [5.13777958]
Time : [14.981436] seconds
"10.0, 10.0"
"115.0, 203.0"
"115.0, 131.0"
"80.0, 105.0"
"70.0, 66.0"
"88.0, 106.0"
"4.0, 4.0"
"1.0, 2.0"
"55.0, 61.0"
"115.0, 244.0"
"115.0, 160.0"
"113.0, 102.0"
"114.0, 133.0"
"53.0, 52.0"
"110.0, 128.0"
"112.0, 118.0"
"58.0, 61.0"
"14.0, 20.0"
"37.0, 36.0"
"35.0, 29.0"
"96.0, 68.0"
"29.0, 38.0"
"3.0, 2.0"
"50.0, 57.0"
"114.0, 131.0"
"13.0, 14.0"
"104.0, 181.0"
"64.0, 89.0"
"5.0, 6.0"
"114.0, 121.0"
"80.0, 114.0"
"114.0, 95.0"
"39.0, 43.0"
"57.0, 57.0"
"108.0, 126.0"
"61.0, 103.0"
"49.0, 43.0"
"3.0, 2.0"
"114.0, 120.0"
"115.0, 171.0"
"114.0, 167.0"
"43.0, 53.0"
"113.0, 163.0"
"7.0, 14.0"
"115.0, 157.0"
"114.0, 297.0"
"111.0, 112.0"
"33.0, 44.0"
"115.0, 257.0"
"115.0, 88.0"
RMSE2: [45.81659088]
RHS: [27523.72119201]
Time : [14.909254] seconds
"115.0, 112.0"
"112.0, 98.0"
"48.0, 69.0"
"73.0, 82.0"
"91.0, 91.0"
"114.0, 93.0"
"112.0, 91.0"
"72.0, 95.0"
"114.0, 111.0"
"113.0, 96.0"
RMSE2: [15.60769041]
RHS: [3.24556877]
Time : [14.909254] seconds
"82.0, 94.0"
"15.0, 14.0"
"51.0, 46.0"
"5.0, 1.0"
"109.0, 135.0"
"98.0, 59.0"
"54.0, 50.0"
"21.0, 23.0"
"117.0, 137.0"
"111.0, 113.0"
"54.0, 141.0"
"22.0, 23.0"
"11.0, 11.0"
"78.0, 68.0"
"21.0, 15.0"
"25.0, 18.0"
"116.0, 113.0"
"26.0, 27.0"
"113.0, 138.0"
"100.0, 74.0"
"109.0, 134.0"
"118.0, 142.0"
"71.0, 37.0"
"118.0, 157.0"
"51.0, 55.0"
"116.0, 103.0"
"115.0, 147.0"
"118.0, 115.0"
"112.0, 101.0"
"87.0, 56.0"
"26.0, 31.0"
"117.0, 234.0"
"114.0, 188.0"
"8.0, 5.0"
"113.0, 172.0"
"23.0, 28.0"
"117.0, 89.0"
"118.0, 188.0"
"26.0, 22.0"
"115.0, 160.0"
"59.0, 101.0"
"65.0, 78.0"
"109.0, 248.0"
"118.0, 111.0"
"78.0, 65.0"
"33.0, 41.0"
"116.0, 169.0"
"58.0, 58.0"
"117.0, 105.0"
"28.0, 40.0"
RMSE2: [38.23976987]
RHS: [1076.97518315]
Time : [15.861387] seconds
"113.0, 112.0"
"117.0, 98.0"
"37.0, 69.0"
"102.0, 82.0"
"103.0, 91.0"
"116.0, 93.0"
"94.0, 91.0"
"113.0, 95.0"
"117.0, 111.0"
"67.0, 96.0"
RMSE2: [19.1546339]
RHS: [4.87259013]
Time : [15.861387] seconds
"113.0, 125.0"
"73.0, 60.0"
"112.0, 189.0"
"65.0, 47.0"
"8.0, 6.0"
"43.0, 46.0"
"46.0, 42.0"
"74.0, 101.0"
"34.0, 38.0"
"9.0, 15.0"
"65.0, 70.0"
"1.0, 4.0"
"81.0, 65.0"
"116.0, 134.0"
"76.0, 106.0"
"116.0, 137.0"
"116.0, 185.0"
"106.0, 90.0"
"23.0, 23.0"
"110.0, 125.0"
"37.0, 35.0"
"82.0, 91.0"
"104.0, 126.0"
"109.0, 147.0"
"113.0, 183.0"
"92.0, 73.0"
"13.0, 15.0"
"59.0, 59.0"
"53.0, 60.0"
"2.0, 1.0"
"94.0, 125.0"
"96.0, 114.0"
"113.0, 142.0"
"2.0, 10.0"
"39.0, 44.0"
"8.0, 10.0"
"0.0, 1.0"
"96.0, 86.0"
"98.0, 194.0"
"48.0, 54.0"
"42.0, 32.0"
"61.0, 64.0"
"116.0, 162.0"
"78.0, 66.0"
"114.0, 164.0"
"41.0, 34.0"
"77.0, 113.0"
"50.0, 40.0"
"111.0, 254.0"
"6.0, 7.0"
RMSE2: [34.70936473]
RHS: [1249.49726941]
Time : [16.79115] seconds
"97.0, 112.0"
"93.0, 98.0"
"56.0, 69.0"
"62.0, 82.0"
"93.0, 91.0"
"87.0, 93.0"
"98.0, 91.0"
"92.0, 95.0"
"110.0, 111.0"
"65.0, 96.0"
RMSE2: [13.70766209]
RHS: [2.00311965]
Time : [16.79115] seconds
"112.0, 129.0"
"21.0, 35.0"
"111.0, 149.0"
"113.0, 145.0"
"49.0, 48.0"
"27.0, 20.0"
"12.0, 13.0"
"45.0, 46.0"
"83.0, 99.0"
"111.0, 140.0"
"114.0, 126.0"
"13.0, 17.0"
"113.0, 142.0"
"81.0, 98.0"
"114.0, 112.0"
"111.0, 98.0"
"113.0, 76.0"
"113.0, 97.0"
"114.0, 162.0"
"114.0, 120.0"
"114.0, 151.0"
"112.0, 79.0"
"61.0, 53.0"
"4.0, 4.0"
"105.0, 147.0"
"37.0, 27.0"
"7.0, 7.0"
"32.0, 37.0"
"113.0, 117.0"
"9.0, 9.0"
"98.0, 95.0"
"113.0, 70.0"
"112.0, 162.0"
"-1.0, 1.0"
"5.0, 7.0"
"113.0, 106.0"
"38.0, 43.0"
"52.0, 58.0"
"112.0, 95.0"
"110.0, 257.0"
"114.0, 107.0"
"113.0, 155.0"
"114.0, 172.0"
"56.0, 90.0"
"19.0, 45.0"
"99.0, 64.0"
"77.0, 63.0"
"67.0, 65.0"
"23.0, 26.0"
"50.0, 48.0"
"110.0, 175.0"
"114.0, 119.0"
"85.0, 80.0"
"86.0, 77.0"
"43.0, 45.0"
"71.0, 61.0"
"114.0, 146.0"
"104.0, 91.0"
"10.0, 11.0"
"112.0, 75.0"
RMSE2: [30.49617462]
RHS: [1369.25680026]
Time : [13.342532] seconds
"114.0, 112.0"
"113.0, 98.0"
"52.0, 69.0"
"108.0, 82.0"
"109.0, 91.0"
"113.0, 93.0"
"103.0, 91.0"
"111.0, 95.0"
"113.0, 111.0"
"87.0, 96.0"
RMSE2: [15.50161282]
RHS: [3.77960381]
Time : [13.342532] seconds
"51.0, 41.0"
"79.0, 57.0"
"37.0, 51.0"
"89.0, 127.0"
"57.0, 54.0"
"111.0, 83.0"
"74.0, 59.0"
"112.0, 126.0"
"112.0, 171.0"
"106.0, 156.0"
"73.0, 61.0"
"55.0, 70.0"
"5.0, 4.0"
"81.0, 144.0"
"113.0, 130.0"
"97.0, 74.0"
"112.0, 131.0"
"94.0, 122.0"
"113.0, 154.0"
"113.0, 152.0"
"50.0, 42.0"
"110.0, 135.0"
"113.0, 124.0"
"42.0, 44.0"
"79.0, 120.0"
"106.0, 81.0"
"38.0, 39.0"
"17.0, 15.0"
"113.0, 158.0"
"109.0, 124.0"
"73.0, 104.0"
"101.0, 99.0"
"27.0, 35.0"
"20.0, 20.0"
"112.0, 131.0"
"112.0, 158.0"
"101.0, 115.0"
"7.0, 8.0"
"3.0, 6.0"
"7.0, 10.0"
"90.0, 145.0"
"82.0, 101.0"
"112.0, 124.0"
"111.0, 165.0"
"113.0, 179.0"
"58.0, 39.0"
"56.0, 42.0"
"11.0, 7.0"
"113.0, 152.0"
"113.0, 226.0"
"111.0, 125.0"
"93.0, 42.0"
"47.0, 55.0"
"113.0, 113.0"
"107.0, 90.0"
"34.0, 59.0"
"108.0, 117.0"
"58.0, 84.0"
"113.0, 102.0"
"43.0, 36.0"
RMSE2: [31.19455081]
RHS: [116.2470958]
Time : [12.739281] seconds
"112.0, 112.0"
"112.0, 98.0"
"39.0, 69.0"
"100.0, 82.0"
"111.0, 91.0"
"113.0, 93.0"
"109.0, 91.0"
"112.0, 95.0"
"113.0, 111.0"
"84.0, 96.0"
RMSE2: [17.26557268]
RHS: [4.11961832]
Time : [12.739281] seconds
"111.0, 126.0"
"60.0, 50.0"
"36.0, 47.0"
"111.0, 182.0"
"111.0, 92.0"
"109.0, 123.0"
"45.0, 44.0"
"111.0, 125.0"
"23.0, 29.0"
"108.0, 112.0"
"110.0, 186.0"
"108.0, 159.0"
"110.0, 126.0"
"10.0, 9.0"
"2.0, 1.0"
"4.0, 7.0"
"111.0, 80.0"
"38.0, 40.0"
"42.0, 38.0"
"102.0, 111.0"
"81.0, 56.0"
"111.0, 138.0"
"110.0, 97.0"
"22.0, 24.0"
"110.0, 139.0"
"42.0, 27.0"
"111.0, 113.0"
"111.0, 115.0"
"111.0, 128.0"
"111.0, 145.0"
"98.0, 91.0"
"69.0, 69.0"
"25.0, 22.0"
"87.0, 80.0"
"111.0, 104.0"
"19.0, 35.0"
"96.0, 52.0"
"13.0, 11.0"
"33.0, 29.0"
"111.0, 105.0"
"79.0, 71.0"
"111.0, 230.0"
"110.0, 137.0"
"84.0, 99.0"
"24.0, 25.0"
"67.0, 42.0"
"98.0, 82.0"
"35.0, 29.0"
"110.0, 79.0"
"60.0, 58.0"
"111.0, 159.0"
"107.0, 186.0"
"83.0, 70.0"
"2.0, 5.0"
"111.0, 97.0"
"109.0, 188.0"
"103.0, 152.0"
"109.0, 186.0"
"111.0, 103.0"
"110.0, 91.0"
RMSE2: [32.51614983]
RHS: [194.01403432]
Time : [13.058316] seconds
"111.0, 112.0"
"111.0, 98.0"
"55.0, 69.0"
"91.0, 82.0"
"109.0, 91.0"
"110.0, 93.0"
"109.0, 91.0"
"109.0, 95.0"
"110.0, 111.0"
"73.0, 96.0"
RMSE2: [14.52583905]
RHS: [2.8719232]
Time : [13.058316] seconds
"114.0, 240.0"
"113.0, 146.0"
"1.0, 3.0"
"11.0, 18.0"
"110.0, 111.0"
"40.0, 28.0"
"42.0, 39.0"
"54.0, 45.0"
"105.0, 132.0"
"-1.0, 1.0"
"66.0, 54.0"
"73.0, 64.0"
"12.0, 18.0"
"111.0, 146.0"
"4.0, 2.0"
"112.0, 118.0"
"112.0, 177.0"
"112.0, 97.0"
"89.0, 48.0"
"112.0, 152.0"
"110.0, 142.0"
"102.0, 61.0"
"85.0, 97.0"
"111.0, 182.0"
"91.0, 61.0"
"112.0, 172.0"
"20.0, 28.0"
"50.0, 38.0"
"112.0, 101.0"
"1.0, 2.0"
"111.0, 67.0"
"7.0, 14.0"
"108.0, 102.0"
"112.0, 111.0"
"113.0, 244.0"
"29.0, 18.0"
"85.0, 115.0"
"111.0, 134.0"
"111.0, 125.0"
"110.0, 140.0"
"112.0, 126.0"
"111.0, 141.0"
"112.0, 101.0"
"112.0, 125.0"
"111.0, 153.0"
"111.0, 167.0"
"112.0, 125.0"
"114.0, 202.0"
"31.0, 40.0"
"112.0, 105.0"
"77.0, 54.0"
"7.0, 9.0"
"25.0, 32.0"
"76.0, 62.0"
"17.0, 16.0"
"78.0, 64.0"
"111.0, 215.0"
"18.0, 22.0"
"110.0, 108.0"
"70.0, 50.0"
RMSE2: [38.36925853]
RHS: [746.33441551]
Time : [13.534681] seconds
"111.0, 112.0"
"112.0, 98.0"
"70.0, 69.0"
"106.0, 82.0"
"110.0, 91.0"
"111.0, 93.0"
"106.0, 91.0"
"109.0, 95.0"
"111.0, 111.0"
"91.0, 96.0"
RMSE2: [13.80217374]
RHS: [3.10049864]
Time : [13.534681] seconds
"111.0, 139.0"
"26.0, 37.0"
"41.0, 43.0"
"111.0, 118.0"
"100.0, 81.0"
"111.0, 198.0"
"110.0, 117.0"
"110.0, 114.0"
"52.0, 55.0"
"26.0, 35.0"
"108.0, 77.0"
"110.0, 98.0"
"107.0, 79.0"
"111.0, 116.0"
"111.0, 142.0"
"78.0, 139.0"
"31.0, 24.0"
"93.0, 119.0"
"41.0, 43.0"
"33.0, 32.0"
"111.0, 120.0"
"87.0, 49.0"
"111.0, 107.0"
"107.0, 78.0"
"109.0, 161.0"
"55.0, 71.0"
"109.0, 134.0"
"88.0, 66.0"
"27.0, 19.0"
"-1.0, 0.0"
"108.0, 116.0"
"7.0, 6.0"
"109.0, 132.0"
"111.0, 140.0"
"39.0, 44.0"
"109.0, 129.0"
"34.0, 33.0"
"111.0, 121.0"
"110.0, 156.0"
"45.0, 34.0"
"86.0, 107.0"
"111.0, 161.0"
"30.0, 31.0"
"18.0, 23.0"
"44.0, 36.0"
"111.0, 111.0"
"100.0, 93.0"
"108.0, 116.0"
"111.0, 122.0"
"101.0, 203.0"
"107.0, 66.0"
"2.0, 0.0"
"103.0, 73.0"
"90.0, 73.0"
"99.0, 238.0"
"62.0, 67.0"
"30.0, 40.0"
"108.0, 91.0"
"108.0, 88.0"
"46.0, 40.0"
RMSE2: [32.6080256]
RHS: [798.2947352]
Time : [11.988073] seconds
"111.0, 112.0"
"111.0, 98.0"
"58.0, 69.0"
"93.0, 82.0"
"108.0, 91.0"
"110.0, 93.0"
"106.0, 91.0"
"107.0, 95.0"
"111.0, 111.0"
"70.0, 96.0"
RMSE2: [14.26534262]
RHS: [2.72228441]
Time : [11.988073] seconds
"20.0, 11.0"
"110.0, 173.0"
"37.0, 31.0"
"107.0, 148.0"
"109.0, 210.0"
"107.0, 101.0"
"34.0, 32.0"
"110.0, 106.0"
"74.0, 78.0"
"107.0, 107.0"
"46.0, 30.0"
"36.0, 40.0"
"102.0, 132.0"
"42.0, 32.0"
"32.0, 25.0"
"103.0, 85.0"
"108.0, 154.0"
"105.0, 91.0"
"93.0, 70.0"
"105.0, 82.0"
"26.0, 22.0"
"69.0, 54.0"
"27.0, 32.0"
"75.0, 61.0"
"56.0, 54.0"
"108.0, 156.0"
"101.0, 72.0"
"101.0, 83.0"
"105.0, 107.0"
"106.0, 98.0"
"105.0, 101.0"
"77.0, 52.0"
"108.0, 135.0"
"108.0, 108.0"
"20.0, 39.0"
"35.0, 29.0"
"99.0, 73.0"
"110.0, 118.0"
"34.0, 30.0"
"97.0, 66.0"
"107.0, 182.0"
"92.0, 246.0"
"107.0, 149.0"
"108.0, 96.0"
"109.0, 152.0"
"102.0, 100.0"
"109.0, 105.0"
"110.0, 150.0"
"105.0, 94.0"
"109.0, 188.0"
"107.0, 235.0"
"108.0, 83.0"
"100.0, 130.0"
"26.0, 24.0"
"29.0, 22.0"
"110.0, 117.0"
"108.0, 211.0"
"89.0, 73.0"
"101.0, 122.0"
"101.0, 82.0"
RMSE2: [40.68169121]
RHS: [2746.29893793]
Time : [12.337444] seconds
"109.0, 112.0"
"108.0, 98.0"
"98.0, 69.0"
"105.0, 82.0"
"106.0, 91.0"
"108.0, 93.0"
"102.0, 91.0"
"106.0, 95.0"
"107.0, 111.0"
"84.0, 96.0"
RMSE2: [15.26761278]
RHS: [4.09751939]
Time : [12.337444] seconds
"116.0, 127.0"
"35.0, 57.0"
"39.0, 43.0"
"11.0, 15.0"
"15.0, 10.0"
"46.0, 57.0"
"116.0, 104.0"
"47.0, 70.0"
"57.0, 44.0"
"115.0, 113.0"
"116.0, 197.0"
"115.0, 159.0"
"2.0, 1.0"
"12.0, 11.0"
"114.0, 130.0"
"115.0, 115.0"
"78.0, 77.0"
"47.0, 47.0"
"111.0, 111.0"
"85.0, 61.0"
"52.0, 41.0"
"104.0, 180.0"
"111.0, 111.0"
"115.0, 133.0"
"21.0, 14.0"
"101.0, 75.0"
"115.0, 129.0"
"83.0, 92.0"
"39.0, 41.0"
"56.0, 54.0"
"16.0, 18.0"
"114.0, 84.0"
"115.0, 75.0"
"39.0, 35.0"
"113.0, 95.0"
"5.0, 4.0"
"56.0, 51.0"
"46.0, 51.0"
"113.0, 147.0"
"73.0, 150.0"
"114.0, 110.0"
"1.0, 3.0"
"110.0, 119.0"
"116.0, 160.0"
"116.0, 153.0"
"51.0, 52.0"
"71.0, 77.0"
"116.0, 113.0"
"8.0, 11.0"
"110.0, 118.0"
"45.0, 47.0"
"116.0, 113.0"
"37.0, 33.0"
"52.0, 80.0"
"24.0, 19.0"
"46.0, 43.0"
"115.0, 116.0"
"66.0, 80.0"
"34.0, 31.0"
"112.0, 96.0"
RMSE2: [23.45421071]
RHS: [24.38255428]
Time : [13.728957] seconds
"116.0, 112.0"
"115.0, 98.0"
"54.0, 69.0"
"112.0, 82.0"
"115.0, 91.0"
"110.0, 93.0"
"87.0, 91.0"
"112.0, 95.0"
"115.0, 111.0"
"69.0, 96.0"
RMSE2: [18.28934116]
RHS: [5.30247281]
Time : [13.728957] seconds
"112.0, 86.0"
"42.0, 51.0"
"77.0, 53.0"
"112.0, 86.0"
"42.0, 50.0"
"114.0, 148.0"
"114.0, 193.0"
"39.0, 25.0"
"55.0, 77.0"
"113.0, 189.0"
"108.0, 111.0"
"3.0, 1.0"
"103.0, 86.0"
"73.0, 127.0"
"0.0, 0.0"
"97.0, 78.0"
"87.0, 98.0"
"89.0, 79.0"
"113.0, 120.0"
"114.0, 135.0"
"97.0, 101.0"
"113.0, 122.0"
"113.0, 138.0"
"43.0, 49.0"
"97.0, 110.0"
"10.0, 4.0"
"114.0, 156.0"
"114.0, 127.0"
"36.0, 25.0"
"98.0, 79.0"
"112.0, 125.0"
"96.0, 91.0"
"113.0, 149.0"
"114.0, 194.0"
"5.0, 7.0"
"105.0, 123.0"
"112.0, 112.0"
"100.0, 171.0"
"37.0, 33.0"
"109.0, 162.0"
"110.0, 220.0"
"76.0, 122.0"
"35.0, 42.0"
"54.0, 62.0"
"86.0, 67.0"
"110.0, 151.0"
"79.0, 63.0"
"3.0, 5.0"
"100.0, 74.0"
"113.0, 240.0"
"108.0, 75.0"
"69.0, 71.0"
"29.0, 23.0"
"18.0, 16.0"
"32.0, 31.0"
"99.0, 114.0"
"92.0, 95.0"
"114.0, 126.0"
"43.0, 46.0"
"24.0, 20.0"
RMSE2: [35.27298305]
RHS: [401.18403505]
Time : [13.022902] seconds
"114.0, 112.0"
"113.0, 98.0"
"43.0, 69.0"
"64.0, 82.0"
"104.0, 91.0"
"105.0, 93.0"
"106.0, 91.0"
"54.0, 95.0"
"112.0, 111.0"
"66.0, 96.0"
RMSE2: [20.85425616]
RHS: [5.31389055]
Time : [13.022902] seconds
"111.0, 102.0"
"112.0, 77.0"
"112.0, 184.0"
"112.0, 207.0"
"65.0, 52.0"
"112.0, 148.0"
"81.0, 125.0"
"66.0, 86.0"
"102.0, 133.0"
"46.0, 33.0"
"99.0, 122.0"
"83.0, 109.0"
"19.0, 18.0"
"18.0, 19.0"
"44.0, 48.0"
"68.0, 46.0"
"70.0, 45.0"
"112.0, 96.0"
"37.0, 38.0"
"106.0, 89.0"
"92.0, 63.0"
"51.0, 49.0"
"24.0, 23.0"
"73.0, 66.0"
"3.0, 0.0"
"16.0, 13.0"
"62.0, 54.0"
"48.0, 51.0"
"53.0, 43.0"
"56.0, 57.0"
"22.0, 24.0"
"112.0, 100.0"
"111.0, 138.0"
"18.0, 32.0"
"33.0, 26.0"
"112.0, 78.0"
"112.0, 179.0"
"109.0, 129.0"
"111.0, 159.0"
"17.0, 17.0"
"35.0, 39.0"
"84.0, 103.0"
"12.0, 16.0"
"112.0, 332.0"
"39.0, 37.0"
"106.0, 72.0"
"31.0, 29.0"
"109.0, 119.0"
"58.0, 56.0"
"50.0, 40.0"
"89.0, 78.0"
"112.0, 174.0"
"21.0, 19.0"
"109.0, 183.0"
"44.0, 33.0"
"104.0, 91.0"
"111.0, 115.0"
"112.0, 197.0"
"4.0, 7.0"
"110.0, 83.0"
RMSE2: [41.18191351]
RHS: [372831.06417351]
Time : [12.770161] seconds
"112.0, 112.0"
"97.0, 98.0"
"60.0, 69.0"
"105.0, 82.0"
"105.0, 91.0"
"108.0, 93.0"
"111.0, 91.0"
"110.0, 95.0"
"111.0, 111.0"
"112.0, 96.0"
RMSE2: [13.83112432]
RHS: [3.04131298]
Time : [12.770161] seconds
"41.0, 35.0"
"111.0, 159.0"
"45.0, 42.0"
"63.0, 127.0"
"105.0, 117.0"
"108.0, 107.0"
"110.0, 169.0"
"45.0, 46.0"
"110.0, 113.0"
"111.0, 168.0"
"84.0, 107.0"
"108.0, 234.0"
"101.0, 92.0"
"109.0, 126.0"
"56.0, 53.0"
"110.0, 93.0"
"108.0, 167.0"
"110.0, 118.0"
"111.0, 111.0"
"111.0, 124.0"
"110.0, 169.0"
"109.0, 153.0"
"34.0, 27.0"
"9.0, 9.0"
"39.0, 31.0"
"66.0, 38.0"
"109.0, 154.0"
"98.0, 94.0"
"22.0, 30.0"
"12.0, 9.0"
"8.0, 8.0"
"68.0, 60.0"
"106.0, 170.0"
"17.0, 18.0"
"26.0, 21.0"
"5.0, 7.0"
"19.0, 41.0"
"64.0, 57.0"
"111.0, 137.0"
"38.0, 33.0"
"111.0, 219.0"
"2.0, 2.0"
"111.0, 94.0"
"79.0, 72.0"
"2.0, 4.0"
"79.0, 53.0"
"94.0, 103.0"
"27.0, 26.0"
"50.0, 57.0"
"30.0, 33.0"
"103.0, 166.0"
"111.0, 253.0"
"110.0, 138.0"
"104.0, 167.0"
"77.0, 92.0"
"36.0, 31.0"
"5.0, 5.0"
"19.0, 24.0"
"109.0, 217.0"
"27.0, 27.0"
RMSE2: [41.15337167]
RHS: [1346.74866844]
Time : [12.163966] seconds
"107.0, 112.0"
"110.0, 98.0"
"80.0, 69.0"
"107.0, 82.0"
"109.0, 91.0"
"96.0, 93.0"
"95.0, 91.0"
"105.0, 95.0"
"110.0, 111.0"
"82.0, 96.0"
RMSE2: [12.49399856]
RHS: [2.56010308]
Time : [12.163966] seconds
"16.0, 12.0"
"105.0, 70.0"
"47.0, 58.0"
"-1.0, 2.0"
"103.0, 97.0"
"4.0, 4.0"
"89.0, 54.0"
"100.0, 111.0"
"106.0, 168.0"
"96.0, 119.0"
"106.0, 230.0"
"9.0, 9.0"
"105.0, 130.0"
"102.0, 95.0"
"106.0, 111.0"
"84.0, 72.0"
"103.0, 88.0"
"106.0, 110.0"
"95.0, 39.0"
"40.0, 36.0"
"104.0, 118.0"
"106.0, 170.0"
"103.0, 108.0"
"26.0, 16.0"
"64.0, 38.0"
"104.0, 73.0"
"3.0, 3.0"
"103.0, 142.0"
"45.0, 49.0"
"106.0, 127.0"
"106.0, 127.0"
"106.0, 145.0"
"104.0, 99.0"
"21.0, 27.0"
"106.0, 146.0"
"10.0, 9.0"
"106.0, 140.0"
"98.0, 120.0"
"97.0, 48.0"
"98.0, 51.0"
"106.0, 170.0"
"106.0, 99.0"
"106.0, 143.0"
"106.0, 98.0"
"103.0, 148.0"
"104.0, 187.0"
"88.0, 105.0"
"45.0, 37.0"
"27.0, 32.0"
"51.0, 72.0"
"48.0, 52.0"
"105.0, 71.0"
"12.0, 6.0"
"105.0, 81.0"
"73.0, 54.0"
"23.0, 24.0"
"88.0, 68.0"
"16.0, 15.0"
"33.0, 36.0"
"105.0, 155.0"
"18.0, 19.0"
"102.0, 95.0"
"19.0, 32.0"
"102.0, 53.0"
"80.0, 85.0"
"52.0, 63.0"
"37.0, 41.0"
"105.0, 80.0"
"105.0, 81.0"
"106.0, 156.0"
RMSE2: [31.95845517]
RHS: [227.82748324]
Time : [9.676069] seconds
"106.0, 112.0"
"105.0, 98.0"
"79.0, 69.0"
"103.0, 82.0"
"104.0, 91.0"
"104.0, 93.0"
"105.0, 91.0"
"104.0, 95.0"
"105.0, 111.0"
"105.0, 96.0"
RMSE2: [11.44552314]
RHS: [2.17190991]
Time : [9.676069] seconds
"18.0, 28.0"
"106.0, 134.0"
"77.0, 80.0"
"11.0, 12.0"
"48.0, 64.0"
"103.0, 90.0"
"105.0, 119.0"
"12.0, 8.0"
"106.0, 123.0"
"38.0, 33.0"
"49.0, 53.0"
"57.0, 68.0"
"64.0, 152.0"
"23.0, 24.0"
"75.0, 85.0"
"105.0, 130.0"
"20.0, 20.0"
"100.0, 96.0"
"93.0, 85.0"
"105.0, 192.0"
"103.0, 117.0"
"81.0, 91.0"
"45.0, 44.0"
"42.0, 42.0"
"102.0, 83.0"
"61.0, 64.0"
"16.0, 19.0"
"106.0, 141.0"
"39.0, 36.0"
"13.0, 13.0"
"103.0, 115.0"
"32.0, 48.0"
"92.0, 85.0"
"101.0, 114.0"
"100.0, 104.0"
"69.0, 83.0"
"104.0, 150.0"
"17.0, 16.0"
"98.0, 102.0"
"106.0, 113.0"
"51.0, 46.0"
"98.0, 88.0"
"103.0, 157.0"
"106.0, 83.0"
"52.0, 73.0"
"40.0, 43.0"
"100.0, 73.0"
"65.0, 88.0"
"105.0, 173.0"
"3.0, 4.0"
"48.0, 36.0"
"106.0, 168.0"
"51.0, 40.0"
"93.0, 123.0"
"39.0, 30.0"
"106.0, 194.0"
"77.0, 77.0"
"103.0, 148.0"
"52.0, 44.0"
"52.0, 60.0"
"26.0, 22.0"
"92.0, 96.0"
"61.0, 96.0"
"106.0, 107.0"
"104.0, 165.0"
"106.0, 215.0"
"106.0, 302.0"
"3.0, 2.0"
"20.0, 16.0"
"37.0, 38.0"
RMSE2: [38.39773059]
RHS: [50542.78682137]
Time : [9.881889] seconds
"106.0, 112.0"
"101.0, 98.0"
"56.0, 69.0"
"89.0, 82.0"
"102.0, 91.0"
"98.0, 93.0"
"94.0, 91.0"
"103.0, 95.0"
"104.0, 111.0"
"61.0, 96.0"
RMSE2: [13.25141502]
RHS: [2.23757735]
Time : [9.881889] seconds
"45.0, 59.0"
"104.0, 103.0"
"84.0, 72.0"
"104.0, 127.0"
"43.0, 38.0"
"58.0, 74.0"
"79.0, 137.0"
"102.0, 161.0"
"10.0, 12.0"
"104.0, 122.0"
"50.0, 54.0"
"100.0, 120.0"
"46.0, 51.0"
"38.0, 46.0"
"13.0, 14.0"
"15.0, 12.0"
"35.0, 33.0"
"104.0, 80.0"
"104.0, 120.0"
"21.0, 20.0"
"5.0, 12.0"
"23.0, 19.0"
"104.0, 149.0"
"100.0, 99.0"
"102.0, 92.0"
"44.0, 45.0"
"92.0, 90.0"
"3.0, 3.0"
"61.0, 60.0"
"63.0, 36.0"
"8.0, 7.0"
"104.0, 122.0"
"104.0, 205.0"
"104.0, 109.0"
"61.0, 72.0"
"83.0, 130.0"
"87.0, 76.0"
"104.0, 164.0"
"102.0, 115.0"
"104.0, 115.0"
"10.0, 6.0"
"104.0, 201.0"
"104.0, 87.0"
"104.0, 112.0"
"104.0, 65.0"
"24.0, 28.0"
"21.0, 32.0"
"26.0, 34.0"
"31.0, 43.0"
"104.0, 110.0"
"23.0, 30.0"
"44.0, 58.0"
"104.0, 161.0"
"104.0, 77.0"
"98.0, 82.0"
"32.0, 36.0"
"38.0, 57.0"
"58.0, 66.0"
"49.0, 36.0"
"3.0, 1.0"
"104.0, 149.0"
"104.0, 85.0"
"60.0, 79.0"
"98.0, 234.0"
"104.0, 110.0"
"70.0, 84.0"
"104.0, 190.0"
"100.0, 178.0"
"104.0, 117.0"
"102.0, 116.0"
RMSE2: [34.13983848]
RHS: [583.07377604]
Time : [9.306072] seconds
"104.0, 112.0"
"97.0, 98.0"
"42.0, 69.0"
"69.0, 82.0"
"93.0, 91.0"
"85.0, 93.0"
"100.0, 91.0"
"102.0, 95.0"
"102.0, 111.0"
"75.0, 96.0"
RMSE2: [12.97304899]
RHS: [1.82017571]
Time : [9.306072] seconds
"102.0, 101.0"
"4.0, 1.0"
"97.0, 69.0"
"102.0, 214.0"
"78.0, 109.0"
"10.0, 10.0"
"102.0, 95.0"
"77.0, 74.0"
"100.0, 86.0"
"102.0, 132.0"
"49.0, 68.0"
"1.0, 2.0"
"33.0, 29.0"
"100.0, 86.0"
"57.0, 61.0"
"73.0, 37.0"
"102.0, 167.0"
"69.0, 56.0"
"102.0, 101.0"
"102.0, 96.0"
"102.0, 117.0"
"102.0, 96.0"
"100.0, 83.0"
"99.0, 66.0"
"41.0, 35.0"
"88.0, 95.0"
"93.0, 83.0"
"8.0, 2.0"
"17.0, 14.0"
"102.0, 141.0"
"102.0, 140.0"
"11.0, 15.0"
"100.0, 140.0"
"102.0, 147.0"
"98.0, 120.0"
"102.0, 227.0"
"93.0, 60.0"
"29.0, 27.0"
"102.0, 98.0"
"28.0, 22.0"
"95.0, 108.0"
"8.0, 6.0"
"102.0, 84.0"
"53.0, 58.0"
"96.0, 234.0"
"93.0, 95.0"
"102.0, 204.0"
"35.0, 34.0"
"18.0, 29.0"
"14.0, 16.0"
"86.0, 89.0"
"53.0, 34.0"
"102.0, 122.0"
"64.0, 54.0"
"82.0, 71.0"
"102.0, 143.0"
"98.0, 156.0"
"80.0, 51.0"
"101.0, 176.0"
"26.0, 17.0"
"102.0, 61.0"
"75.0, 72.0"
"102.0, 242.0"
"102.0, 111.0"
"100.0, 127.0"
"101.0, 185.0"
"76.0, 100.0"
"102.0, 101.0"
"102.0, 67.0"
"95.0, 98.0"
RMSE2: [41.60168266]
RHS: [1613.68318841]
Time : [10.588543] seconds
"102.0, 112.0"
"101.0, 98.0"
"48.0, 69.0"
"90.0, 82.0"
"99.0, 91.0"
"99.0, 93.0"
"101.0, 91.0"
"99.0, 95.0"
"102.0, 111.0"
"92.0, 96.0"
RMSE2: [9.62808392]
RHS: [1.23796977]
Time : [10.588543] seconds
"85.0, 44.0"
"53.0, 69.0"
"100.0, 76.0"
"104.0, 221.0"
"102.0, 115.0"
"68.0, 86.0"
"33.0, 33.0"
"104.0, 103.0"
"104.0, 116.0"
"103.0, 110.0"
"103.0, 87.0"
"104.0, 225.0"
"12.0, 18.0"
"99.0, 79.0"
"6.0, 10.0"
"56.0, 51.0"
"90.0, 94.0"
"104.0, 165.0"
"104.0, 116.0"
"103.0, 129.0"
"104.0, 156.0"
"25.0, 31.0"
"104.0, 101.0"
"104.0, 156.0"
"88.0, 50.0"
"9.0, 7.0"
"50.0, 41.0"
"66.0, 63.0"
"94.0, 134.0"
"104.0, 165.0"
"37.0, 29.0"
"25.0, 23.0"
"44.0, 50.0"
"104.0, 148.0"
"103.0, 179.0"
"103.0, 165.0"
"104.0, 153.0"
"104.0, 96.0"
"30.0, 26.0"
"16.0, 15.0"
"104.0, 148.0"
"39.0, 39.0"
"99.0, 104.0"
"103.0, 153.0"
"70.0, 72.0"
"11.0, 15.0"
"103.0, 256.0"
"103.0, 97.0"
"104.0, 153.0"
"103.0, 113.0"
"89.0, 107.0"
"83.0, 104.0"
"59.0, 52.0"
"54.0, 65.0"
"104.0, 135.0"
"102.0, 107.0"
"102.0, 132.0"
"76.0, 99.0"
"104.0, 90.0"
"22.0, 26.0"
"104.0, 106.0"
"104.0, 122.0"
"85.0, 60.0"
"45.0, 41.0"
"103.0, 150.0"
"84.0, 114.0"
"104.0, 227.0"
"104.0, 170.0"
"24.0, 18.0"
"100.0, 96.0"
RMSE2: [41.5551269]
RHS: [2322.79263593]
Time : [9.459146] seconds
"104.0, 112.0"
"103.0, 98.0"
"55.0, 69.0"
"99.0, 82.0"
"103.0, 91.0"
"103.0, 93.0"
"101.0, 91.0"
"103.0, 95.0"
"104.0, 111.0"
"68.0, 96.0"
RMSE2: [13.47219359]
RHS: [2.32222008]
Time : [9.459146] seconds
"21.0, 22.0"
"100.0, 184.0"
"100.0, 147.0"
"100.0, 172.0"
"96.0, 69.0"
"55.0, 36.0"
"100.0, 149.0"
"100.0, 128.0"
"99.0, 133.0"
"98.0, 128.0"
"100.0, 142.0"
"29.0, 31.0"
"100.0, 208.0"
"12.0, 11.0"
"87.0, 70.0"
"13.0, 13.0"
"99.0, 93.0"
"51.0, 50.0"
"100.0, 83.0"
"98.0, 71.0"
"100.0, 153.0"
"24.0, 25.0"
"100.0, 95.0"
"99.0, 144.0"
"63.0, 66.0"
"98.0, 105.0"
"100.0, 138.0"
"100.0, 185.0"
"74.0, 67.0"
"97.0, 107.0"
"4.0, 4.0"
"96.0, 160.0"
"77.0, 75.0"
"99.0, 165.0"
"100.0, 155.0"
"100.0, 160.0"
"91.0, 73.0"
"43.0, 64.0"
"74.0, 36.0"
"85.0, 63.0"
"99.0, 180.0"
"100.0, 65.0"
"26.0, 33.0"
"57.0, 84.0"
"25.0, 31.0"
"99.0, 121.0"
"3.0, 8.0"
"100.0, 136.0"
"46.0, 84.0"
"32.0, 32.0"
"99.0, 104.0"
"23.0, 22.0"
"100.0, 98.0"
"22.0, 21.0"
"100.0, 144.0"
"96.0, 86.0"
"96.0, 149.0"
"22.0, 28.0"
"98.0, 95.0"
"13.0, 18.0"
"100.0, 91.0"
"100.0, 121.0"
"49.0, 33.0"
"5.0, 13.0"
"2.0, 3.0"
"31.0, 42.0"
"49.0, 36.0"
"11.0, 10.0"
"100.0, 113.0"
"91.0, 95.0"
RMSE2: [34.88388904]
RHS: [101.9884651]
Time : [10.069229] seconds
"100.0, 112.0"
"99.0, 98.0"
"41.0, 69.0"
"83.0, 82.0"
"98.0, 91.0"
"99.0, 93.0"
"99.0, 91.0"
"92.0, 95.0"
"99.0, 111.0"
"90.0, 96.0"
RMSE2: [11.26055061]
RHS: [1.47698227]
Time : [10.069229] seconds
"6.0, 6.0"
"103.0, 73.0"
"97.0, 152.0"
"86.0, 125.0"
"4.0, 3.0"
"19.0, 23.0"
"104.0, 131.0"
"104.0, 182.0"
"52.0, 34.0"
"52.0, 37.0"
"12.0, 11.0"
"97.0, 133.0"
"104.0, 201.0"
"93.0, 106.0"
"97.0, 195.0"
"103.0, 163.0"
"24.0, 40.0"
"100.0, 80.0"
"103.0, 195.0"
"32.0, 27.0"
"103.0, 120.0"
"100.0, 74.0"
"64.0, 92.0"
"104.0, 155.0"
"103.0, 127.0"
"62.0, 69.0"
"43.0, 46.0"
"45.0, 40.0"
"42.0, 26.0"
"87.0, 71.0"
"101.0, 107.0"
"103.0, 149.0"
"102.0, 126.0"
"80.0, 68.0"
"31.0, 35.0"
"103.0, 162.0"
"99.0, 126.0"
"103.0, 82.0"
"104.0, 109.0"
"17.0, 21.0"
"102.0, 111.0"
"104.0, 110.0"
"65.0, 87.0"
"93.0, 102.0"
"15.0, 29.0"
"104.0, 92.0"
"37.0, 42.0"
"95.0, 183.0"
"104.0, 119.0"
"94.0, 140.0"
"102.0, 161.0"
"5.0, 2.0"
"11.0, 8.0"
"104.0, 127.0"
"59.0, 40.0"
"103.0, 152.0"
"104.0, 134.0"
"56.0, 60.0"
"77.0, 149.0"
"103.0, 138.0"
"101.0, 88.0"
"68.0, 49.0"
"64.0, 71.0"
"72.0, 81.0"
"11.0, 6.0"
"104.0, 205.0"
"104.0, 147.0"
"99.0, 87.0"
"98.0, 98.0"
"103.0, 130.0"
RMSE2: [37.41752836]
RHS: [134.84261396]
Time : [10.205018] seconds
"104.0, 112.0"
"102.0, 98.0"
"52.0, 69.0"
"99.0, 82.0"
"101.0, 91.0"
"84.0, 93.0"
"104.0, 91.0"
"96.0, 95.0"
"102.0, 111.0"
"73.0, 96.0"
RMSE2: [12.72399308]
RHS: [1.9869503]
Time : [10.205018] seconds
"98.0, 143.0"
"25.0, 36.0"
"98.0, 122.0"
"98.0, 171.0"
"98.0, 140.0"
"98.0, 187.0"
"98.0, 169.0"
"67.0, 60.0"
"92.0, 103.0"
"17.0, 17.0"
"46.0, 53.0"
"97.0, 121.0"
"98.0, 172.0"
"97.0, 139.0"
"61.0, 51.0"
"13.0, 16.0"
"95.0, 150.0"
"33.0, 35.0"
"98.0, 113.0"
"98.0, 106.0"
"98.0, 157.0"
"98.0, 166.0"
"20.0, 19.0"
"62.0, 68.0"
"98.0, 110.0"
"97.0, 140.0"
"98.0, 115.0"
"10.0, 13.0"
"75.0, 132.0"
"96.0, 179.0"
"5.0, 3.0"
"97.0, 117.0"
"98.0, 136.0"
"4.0, 1.0"
"90.0, 77.0"
"92.0, 78.0"
"1.0, 1.0"
"98.0, 212.0"
"98.0, 86.0"
"98.0, 168.0"
"59.0, 49.0"
"98.0, 145.0"
"64.0, 59.0"
"98.0, 102.0"
"98.0, 168.0"
"6.0, 7.0"
"63.0, 74.0"
"8.0, 16.0"
"98.0, 100.0"
"98.0, 162.0"
"96.0, 127.0"
"97.0, 123.0"
"98.0, 135.0"
"33.0, 34.0"
"45.0, 64.0"
"98.0, 111.0"
"97.0, 76.0"
"62.0, 70.0"
"73.0, 43.0"
"98.0, 212.0"
"45.0, 39.0"
"47.0, 56.0"
"31.0, 31.0"
"34.0, 28.0"
"98.0, 266.0"
"23.0, 27.0"
"98.0, 216.0"
"1.0, 1.0"
"82.0, 96.0"
"96.0, 114.0"
RMSE2: [45.8854163]
RHS: [6212.5215737]
Time : [8.853865] seconds
"98.0, 112.0"
"98.0, 98.0"
"43.0, 69.0"
"93.0, 82.0"
"98.0, 91.0"
"98.0, 93.0"
"97.0, 91.0"
"96.0, 95.0"
"98.0, 111.0"
"98.0, 96.0"
RMSE2: [11.30044247]
RHS: [1.48583033]
Time : [8.853865] seconds
"94.0, 120.0"
"82.0, 116.0"
"75.0, 89.0"
"96.0, 114.0"
"103.0, 121.0"
"49.0, 63.0"
"3.0, 7.0"
"67.0, 55.0"
"53.0, 106.0"
"76.0, 69.0"
"104.0, 156.0"
"71.0, 136.0"
"104.0, 128.0"
"1.0, 2.0"
"8.0, 13.0"
"101.0, 151.0"
"68.0, 67.0"
"29.0, 28.0"
"16.0, 23.0"
"88.0, 100.0"
"104.0, 106.0"
"104.0, 125.0"
"23.0, 22.0"
"104.0, 130.0"
"22.0, 22.0"
"45.0, 43.0"
"18.0, 15.0"
"88.0, 99.0"
"104.0, 127.0"
"44.0, 30.0"
"104.0, 216.0"
"100.0, 180.0"
"98.0, 191.0"
"67.0, 70.0"
"89.0, 83.0"
"79.0, 78.0"
"102.0, 128.0"
"95.0, 132.0"
"26.0, 26.0"
"29.0, 31.0"
"25.0, 20.0"
"94.0, 133.0"
"80.0, 63.0"
"89.0, 71.0"
"26.0, 22.0"
"67.0, 79.0"
"35.0, 35.0"
"102.0, 112.0"
"104.0, 277.0"
"101.0, 53.0"
"104.0, 124.0"
"100.0, 62.0"
"100.0, 120.0"
"97.0, 145.0"
"44.0, 44.0"
"103.0, 108.0"
"46.0, 60.0"
"70.0, 74.0"
"100.0, 216.0"
"104.0, 136.0"
"4.0, 4.0"
"12.0, 8.0"
"18.0, 17.0"
"75.0, 79.0"
"1.0, 2.0"
"55.0, 51.0"
"100.0, 161.0"
"66.0, 104.0"
"105.0, 120.0"
"65.0, 56.0"
RMSE2: [39.1376691]
RHS: [8819.26188528]
Time : [9.844717] seconds
"95.0, 112.0"
"103.0, 98.0"
"51.0, 69.0"
"86.0, 82.0"
"100.0, 91.0"
"102.0, 93.0"
"85.0, 91.0"
"79.0, 95.0"
"103.0, 111.0"
"69.0, 96.0"
RMSE2: [13.78767566]
RHS: [2.05912937]
Time : [9.844717] seconds
"18.0, 17.0"
"105.0, 115.0"
"50.0, 69.0"
"84.0, 95.0"
"104.0, 64.0"
"70.0, 76.0"
"102.0, 87.0"
"44.0, 56.0"
"87.0, 100.0"
"6.0, 12.0"
"104.0, 149.0"
"98.0, 172.0"
"59.0, 56.0"
"10.0, 9.0"
"37.0, 40.0"
"104.0, 95.0"
"102.0, 106.0"
"105.0, 77.0"
"103.0, 99.0"
"105.0, 152.0"
"99.0, 99.0"
"44.0, 40.0"
"105.0, 146.0"
"6.0, 4.0"
"103.0, 138.0"
"102.0, 144.0"
"99.0, 77.0"
"105.0, 131.0"
"105.0, 157.0"
"11.0, 13.0"
"92.0, 108.0"
"105.0, 176.0"
"14.0, 15.0"
"97.0, 127.0"
"105.0, 137.0"
"97.0, 57.0"
"104.0, 213.0"
"99.0, 50.0"
"105.0, 154.0"
"24.0, 25.0"
"61.0, 67.0"
"105.0, 136.0"
"49.0, 43.0"
"80.0, 125.0"
"88.0, 101.0"
"105.0, 164.0"
"1.0, 6.0"
"104.0, 53.0"
"105.0, 145.0"
"105.0, 137.0"
"0.0, 6.0"
"104.0, 120.0"
"74.0, 116.0"
"105.0, 165.0"
"105.0, 93.0"
"105.0, 183.0"
"101.0, 122.0"
"55.0, 52.0"
"80.0, 89.0"
"72.0, 123.0"
"102.0, 79.0"
"105.0, 238.0"
"13.0, 18.0"
"37.0, 35.0"
"105.0, 131.0"
"85.0, 51.0"
"93.0, 93.0"
"63.0, 42.0"
"46.0, 45.0"
"104.0, 166.0"
RMSE2: [37.57316672]
RHS: [489.60517917]
Time : [9.84048] seconds
"104.0, 112.0"
"104.0, 98.0"
"51.0, 69.0"
"81.0, 82.0"
"90.0, 91.0"
"104.0, 93.0"
"97.0, 91.0"
"104.0, 95.0"
"105.0, 111.0"
"105.0, 96.0"
RMSE2: [8.83742044]
RHS: [1.11576986]
Time : [9.84048] seconds
